"candidate_domain","target_domain","review_label","review_result","source","source_pair_found","review_note"
"315280-binance.com","binance.info","1","confirmed_positive","manual_review","TRUE",""
"bitget.codes","bitget.com","1","confirmed_positive","manual_review_false_positives","TRUE","reviewed_from_new_false_positives"
"blockchainbet.xyz","blockchain.com","1","confirmed_positive","manual_review_false_positives","TRUE","reviewed_from_new_false_positives"
"br-santanderpj.com","santander.com.br","0","confirmed_false_positive","manual_review_false_positives","TRUE","confirmed_false_positive_from_new_false_positives"
"btmall.shop","tmall.hk","1","confirmed_positive","manual_review","TRUE",""
"ci-telegram.com","telegram.com","1","confirmed_positive","manual_review_false_positives","TRUE","reviewed_from_new_false_positives"
"da-bitget.com.cn","bitget.com","1","confirmed_positive","manual_review","TRUE","user_used_z_as_separator_normalized_to_pair"
"ej-bitget.com.cn","bitget.com","1","confirmed_positive","manual_review","TRUE",""
"gmail.com","gmail.com","0","confirmed_false_positive","manual_review","TRUE",""
"hdsm618aliyun.com","developer.aliyun.com","0","confirmed_false_positive","manual_review","TRUE",""
"hdsm618aliyun.com","tongyi.aliyun.com","0","confirmed_false_positive","manual_review","TRUE",""
"helpbinance.com","binance.com","1","confirmed_positive","manual_review_false_positives","TRUE","reviewed_from_new_false_positives"
"helpbinance.com","binance.info","1","confirmed_positive","manual_review","TRUE",""
"ignyto-salesforce.info","salesforce.com","1","confirmed_positive","manual_review_false_positives","TRUE","reviewed_from_new_false_positives"
"login-binance.us","binance.com","1","confirmed_positive","manual_review_false_positives","TRUE","reviewed_from_new_false_positives"
"login-binance.us","binance.info","1","confirmed_positive","manual_review","TRUE",""
"santanderpj.digital","santander.com.br","0","confirmed_false_positive","manual_review_false_positives","TRUE","confirmed_false_positive_from_new_false_positives"
"shopwalmart.vision","walmart.com.mx","1","confirmed_positive","manual_review","TRUE",""
"spcx-spacex.com","spacex.com","1","confirmed_positive","manual_review_false_positives","TRUE","reviewed_from_new_false_positives"
"youmugjz1gmail.top","gmail.com","1","confirmed_positive","manual_review","TRUE",""
"my-google.co.uk","google.co.uk","1","confirmed_positive","manual_positive_6_10_unique_predictions","TRUE","user_confirmed_suspicious_domains_result_6_10_unique_candidates_as_positive"
"g00gle.win","google.vg","1","confirmed_positive","manual_positive_6_10_unique_predictions","TRUE","user_confirmed_suspicious_domains_result_6_10_unique_candidates_as_positive"
"g00gle.win","google.vu","1","confirmed_positive","manual_positive_6_10_unique_predictions","TRUE","user_confirmed_suspicious_domains_result_6_10_unique_candidates_as_positive"
"g00gle.win","google.ws","1","confirmed_positive","manual_positive_6_10_unique_predictions","TRUE","user_confirmed_suspicious_domains_result_6_10_unique_candidates_as_positive"
"paypal-fr.help","paypal.com","1","confirmed_positive","manual_positive_6_10_unique_predictions","TRUE","user_confirmed_suspicious_domains_result_6_10_unique_candidates_as_positive"
"paypal-fr.help","paypal.me","1","confirmed_positive","manual_positive_6_10_unique_predictions","TRUE","user_confirmed_suspicious_domains_result_6_10_unique_candidates_as_positive"
"g00gle.win","google.us","1","confirmed_positive","manual_positive_6_10_unique_predictions","TRUE","user_confirmed_suspicious_domains_result_6_10_unique_candidates_as_positive"
"g00gle.win","google.tt","1","confirmed_positive","manual_positive_6_10_unique_predictions","TRUE","user_confirmed_suspicious_domains_result_6_10_unique_candidates_as_positive"
"g00gle.win","google.to","1","confirmed_positive","manual_positive_6_10_unique_predictions","TRUE","user_confirmed_suspicious_domains_result_6_10_unique_candidates_as_positive"
"g00gle.win","google.tn","1","confirmed_positive","manual_positive_6_10_unique_predictions","TRUE","user_confirmed_suspicious_domains_result_6_10_unique_candidates_as_positive"
"g00gle.win","google.sc","1","confirmed_positive","manual_positive_6_10_unique_predictions","TRUE","user_confirmed_suspicious_domains_result_6_10_unique_candidates_as_positive"
"g00gle.win","google.se","1","confirmed_positive","manual_positive_6_10_unique_predictions","TRUE","user_confirmed_suspicious_domains_result_6_10_unique_candidates_as_positive"
"g00gle.win","google.sh","1","confirmed_positive","manual_positive_6_10_unique_predictions","TRUE","user_confirmed_suspicious_domains_result_6_10_unique_candidates_as_positive"
"g00gle.win","google.si","1","confirmed_positive","manual_positive_6_10_unique_predictions","TRUE","user_confirmed_suspicious_domains_result_6_10_unique_candidates_as_positive"
"g00gle.win","google.sk","1","confirmed_positive","manual_positive_6_10_unique_predictions","TRUE","user_confirmed_suspicious_domains_result_6_10_unique_candidates_as_positive"
"g00gle.win","google.sm","1","confirmed_positive","manual_positive_6_10_unique_predictions","TRUE","user_confirmed_suspicious_domains_result_6_10_unique_candidates_as_positive"
"g00gle.win","google.sn","1","confirmed_positive","manual_positive_6_10_unique_predictions","TRUE","user_confirmed_suspicious_domains_result_6_10_unique_candidates_as_positive"
"g00gle.win","google.so","1","confirmed_positive","manual_positive_6_10_unique_predictions","TRUE","user_confirmed_suspicious_domains_result_6_10_unique_candidates_as_positive"
"g00gle.win","google.sr","1","confirmed_positive","manual_positive_6_10_unique_predictions","TRUE","user_confirmed_suspicious_domains_result_6_10_unique_candidates_as_positive"
"g00gle.win","google.st","1","confirmed_positive","manual_positive_6_10_unique_predictions","TRUE","user_confirmed_suspicious_domains_result_6_10_unique_candidates_as_positive"
"g00gle.win","google.td","1","confirmed_positive","manual_positive_6_10_unique_predictions","TRUE","user_confirmed_suspicious_domains_result_6_10_unique_candidates_as_positive"
"g00gle.win","google.tk","1","confirmed_positive","manual_positive_6_10_unique_predictions","TRUE","user_confirmed_suspicious_domains_result_6_10_unique_candidates_as_positive"
"g00gle.win","google.me","1","confirmed_positive","manual_positive_6_10_unique_predictions","TRUE","user_confirmed_suspicious_domains_result_6_10_unique_candidates_as_positive"
"g00gle.win","google.tl","1","confirmed_positive","manual_positive_6_10_unique_predictions","TRUE","user_confirmed_suspicious_domains_result_6_10_unique_candidates_as_positive"
"g00gle.win","google.tm","1","confirmed_positive","manual_positive_6_10_unique_predictions","TRUE","user_confirmed_suspicious_domains_result_6_10_unique_candidates_as_positive"
"g00gle.win","google.rw","1","confirmed_positive","manual_positive_6_10_unique_predictions","TRUE","user_confirmed_suspicious_domains_result_6_10_unique_candidates_as_positive"
"g00gle.win","google.ru","1","confirmed_positive","manual_positive_6_10_unique_predictions","TRUE","user_confirmed_suspicious_domains_result_6_10_unique_candidates_as_positive"
"g00gle.win","google.com.sv","1","confirmed_positive","manual_positive_6_10_unique_predictions","TRUE","user_confirmed_suspicious_domains_result_6_10_unique_candidates_as_positive"
"g00gle.win","google.fi","1","confirmed_positive","manual_positive_6_10_unique_predictions","TRUE","user_confirmed_suspicious_domains_result_6_10_unique_candidates_as_positive"
"g00gle.win","google.fm","1","confirmed_positive","manual_positive_6_10_unique_predictions","TRUE","user_confirmed_suspicious_domains_result_6_10_unique_candidates_as_positive"
"g00gle.win","google.fr","1","confirmed_positive","manual_positive_6_10_unique_predictions","TRUE","user_confirmed_suspicious_domains_result_6_10_unique_candidates_as_positive"
"g00gle.win","google.ge","1","confirmed_positive","manual_positive_6_10_unique_predictions","TRUE","user_confirmed_suspicious_domains_result_6_10_unique_candidates_as_positive"
"g00gle.win","google.gl","1","confirmed_positive","manual_positive_6_10_unique_predictions","TRUE","user_confirmed_suspicious_domains_result_6_10_unique_candidates_as_positive"
"g00gle.win","google.gp","1","confirmed_positive","manual_positive_6_10_unique_predictions","TRUE","user_confirmed_suspicious_domains_result_6_10_unique_candidates_as_positive"
"g00gle.win","google.es","1","confirmed_positive","manual_positive_6_10_unique_predictions","TRUE","user_confirmed_suspicious_domains_result_6_10_unique_candidates_as_positive"
"g00gle.win","google.com.sg","1","confirmed_positive","manual_positive_6_10_unique_predictions","TRUE","user_confirmed_suspicious_domains_result_6_10_unique_candidates_as_positive"
"g00gle.win","google.com.sl","1","confirmed_positive","manual_positive_6_10_unique_predictions","TRUE","user_confirmed_suspicious_domains_result_6_10_unique_candidates_as_positive"
"g00gle.win","google.is","1","confirmed_positive","manual_positive_6_10_unique_predictions","TRUE","user_confirmed_suspicious_domains_result_6_10_unique_candidates_as_positive"
"g00gle.win","google.gr","1","confirmed_positive","manual_positive_6_10_unique_predictions","TRUE","user_confirmed_suspicious_domains_result_6_10_unique_candidates_as_positive"
"g00gle.win","google.gy","1","confirmed_positive","manual_positive_6_10_unique_predictions","TRUE","user_confirmed_suspicious_domains_result_6_10_unique_candidates_as_positive"
"g00gle.win","google.hn","1","confirmed_positive","manual_positive_6_10_unique_predictions","TRUE","user_confirmed_suspicious_domains_result_6_10_unique_candidates_as_positive"
"g00gle.win","google.hr","1","confirmed_positive","manual_positive_6_10_unique_predictions","TRUE","user_confirmed_suspicious_domains_result_6_10_unique_candidates_as_positive"
"g00gle.win","google.lt","1","confirmed_positive","manual_positive_6_10_unique_predictions","TRUE","user_confirmed_suspicious_domains_result_6_10_unique_candidates_as_positive"
"g00gle.win","google.ee","1","confirmed_positive","manual_positive_6_10_unique_predictions","TRUE","user_confirmed_suspicious_domains_result_6_10_unique_candidates_as_positive"
"g00gle.win","google.dz","1","confirmed_positive","manual_positive_6_10_unique_predictions","TRUE","user_confirmed_suspicious_domains_result_6_10_unique_candidates_as_positive"
"g00gle.win","google.dm","1","confirmed_positive","manual_positive_6_10_unique_predictions","TRUE","user_confirmed_suspicious_domains_result_6_10_unique_candidates_as_positive"
"g00gle.win","google.co.kr","1","confirmed_positive","manual_positive_6_10_unique_predictions","TRUE","user_confirmed_suspicious_domains_result_6_10_unique_candidates_as_positive"
"g00gle.win","google.gg","1","confirmed_positive","manual_positive_6_10_unique_predictions","TRUE","user_confirmed_suspicious_domains_result_6_10_unique_candidates_as_positive"
"g00gle.win","google.dev","1","confirmed_positive","manual_positive_6_10_unique_predictions","TRUE","user_confirmed_suspicious_domains_result_6_10_unique_candidates_as_positive"
"g00gle.win","google.com.tr","1","confirmed_positive","manual_positive_6_10_unique_predictions","TRUE","user_confirmed_suspicious_domains_result_6_10_unique_candidates_as_positive"
"g00gle.win","google.com.tw","1","confirmed_positive","manual_positive_6_10_unique_predictions","TRUE","user_confirmed_suspicious_domains_result_6_10_unique_candidates_as_positive"
"g00gle.win","google.com.ua","1","confirmed_positive","manual_positive_6_10_unique_predictions","TRUE","user_confirmed_suspicious_domains_result_6_10_unique_candidates_as_positive"
"g00gle.win","google.com.uy","1","confirmed_positive","manual_positive_6_10_unique_predictions","TRUE","user_confirmed_suspicious_domains_result_6_10_unique_candidates_as_positive"
"g00gle.win","google.com.vc","1","confirmed_positive","manual_positive_6_10_unique_predictions","TRUE","user_confirmed_suspicious_domains_result_6_10_unique_candidates_as_positive"
"g00gle.win","google.com.vn","1","confirmed_positive","manual_positive_6_10_unique_predictions","TRUE","user_confirmed_suspicious_domains_result_6_10_unique_candidates_as_positive"
"g00gle.win","google.cv","1","confirmed_positive","manual_positive_6_10_unique_predictions","TRUE","user_confirmed_suspicious_domains_result_6_10_unique_candidates_as_positive"
"g00gle.win","google.cz","1","confirmed_positive","manual_positive_6_10_unique_predictions","TRUE","user_confirmed_suspicious_domains_result_6_10_unique_candidates_as_positive"
"g00gle.win","google.de","1","confirmed_positive","manual_positive_6_10_unique_predictions","TRUE","user_confirmed_suspicious_domains_result_6_10_unique_candidates_as_positive"
"g00gle.win","google.dj","1","confirmed_positive","manual_positive_6_10_unique_predictions","TRUE","user_confirmed_suspicious_domains_result_6_10_unique_candidates_as_positive"
"g00gle.win","google.lv","1","confirmed_positive","manual_positive_6_10_unique_predictions","TRUE","user_confirmed_suspicious_domains_result_6_10_unique_candidates_as_positive"
"g00gle.win","google.dk","1","confirmed_positive","manual_positive_6_10_unique_predictions","TRUE","user_confirmed_suspicious_domains_result_6_10_unique_candidates_as_positive"
"g00gle.win","google.ht","1","confirmed_positive","manual_positive_6_10_unique_predictions","TRUE","user_confirmed_suspicious_domains_result_6_10_unique_candidates_as_positive"
"g00gle.win","google.hu","1","confirmed_positive","manual_positive_6_10_unique_predictions","TRUE","user_confirmed_suspicious_domains_result_6_10_unique_candidates_as_positive"
"g00gle.win","google.ie","1","confirmed_positive","manual_positive_6_10_unique_predictions","TRUE","user_confirmed_suspicious_domains_result_6_10_unique_candidates_as_positive"
"g00gle.win","google.im","1","confirmed_positive","manual_positive_6_10_unique_predictions","TRUE","user_confirmed_suspicious_domains_result_6_10_unique_candidates_as_positive"
"g00gle.win","google.mu","1","confirmed_positive","manual_positive_6_10_unique_predictions","TRUE","user_confirmed_suspicious_domains_result_6_10_unique_candidates_as_positive"
"g00gle.win","google.mv","1","confirmed_positive","manual_positive_6_10_unique_predictions","TRUE","user_confirmed_suspicious_domains_result_6_10_unique_candidates_as_positive"
"g00gle.win","google.mw","1","confirmed_positive","manual_positive_6_10_unique_predictions","TRUE","user_confirmed_suspicious_domains_result_6_10_unique_candidates_as_positive"
"g00gle.win","google.ne","1","confirmed_positive","manual_positive_6_10_unique_predictions","TRUE","user_confirmed_suspicious_domains_result_6_10_unique_candidates_as_positive"
"g00gle.win","google.nl","1","confirmed_positive","manual_positive_6_10_unique_predictions","TRUE","user_confirmed_suspicious_domains_result_6_10_unique_candidates_as_positive"
"g00gle.win","google.no","1","confirmed_positive","manual_positive_6_10_unique_predictions","TRUE","user_confirmed_suspicious_domains_result_6_10_unique_candidates_as_positive"
"g00gle.win","google.nr","1","confirmed_positive","manual_positive_6_10_unique_predictions","TRUE","user_confirmed_suspicious_domains_result_6_10_unique_candidates_as_positive"
"g00gle.win","google.nu","1","confirmed_positive","manual_positive_6_10_unique_predictions","TRUE","user_confirmed_suspicious_domains_result_6_10_unique_candidates_as_positive"
"g00gle.win","google.org","1","confirmed_positive","manual_positive_6_10_unique_predictions","TRUE","user_confirmed_suspicious_domains_result_6_10_unique_candidates_as_positive"
"g00gle.win","google.pl","1","confirmed_positive","manual_positive_6_10_unique_predictions","TRUE","user_confirmed_suspicious_domains_result_6_10_unique_candidates_as_positive"
"g00gle.win","google.pn","1","confirmed_positive","manual_positive_6_10_unique_predictions","TRUE","user_confirmed_suspicious_domains_result_6_10_unique_candidates_as_positive"
"g00gle.win","google.ps","1","confirmed_positive","manual_positive_6_10_unique_predictions","TRUE","user_confirmed_suspicious_domains_result_6_10_unique_candidates_as_positive"
"g00gle.win","google.pt","1","confirmed_positive","manual_positive_6_10_unique_predictions","TRUE","user_confirmed_suspicious_domains_result_6_10_unique_candidates_as_positive"
"g00gle.win","google.ro","1","confirmed_positive","manual_positive_6_10_unique_predictions","TRUE","user_confirmed_suspicious_domains_result_6_10_unique_candidates_as_positive"
"g00gle.win","google.rs","1","confirmed_positive","manual_positive_6_10_unique_predictions","TRUE","user_confirmed_suspicious_domains_result_6_10_unique_candidates_as_positive"
"g00gle.win","google.ms","1","confirmed_positive","manual_positive_6_10_unique_predictions","TRUE","user_confirmed_suspicious_domains_result_6_10_unique_candidates_as_positive"
"g00gle.win","google.com.tj","1","confirmed_positive","manual_positive_6_10_unique_predictions","TRUE","user_confirmed_suspicious_domains_result_6_10_unique_candidates_as_positive"
"g00gle.win","google.mn","1","confirmed_positive","manual_positive_6_10_unique_predictions","TRUE","user_confirmed_suspicious_domains_result_6_10_unique_candidates_as_positive"
"g00gle.win","google.mk","1","confirmed_positive","manual_positive_6_10_unique_predictions","TRUE","user_confirmed_suspicious_domains_result_6_10_unique_candidates_as_positive"
"g00gle.win","google.iq","1","confirmed_positive","manual_positive_6_10_unique_predictions","TRUE","user_confirmed_suspicious_domains_result_6_10_unique_candidates_as_positive"
"g00gle.win","google.jo","1","confirmed_positive","manual_positive_6_10_unique_predictions","TRUE","user_confirmed_suspicious_domains_result_6_10_unique_candidates_as_positive"
"g00gle.win","google.it","1","confirmed_positive","manual_positive_6_10_unique_predictions","TRUE","user_confirmed_suspicious_domains_result_6_10_unique_candidates_as_positive"
"g00gle.win","google.je","1","confirmed_positive","manual_positive_6_10_unique_predictions","TRUE","user_confirmed_suspicious_domains_result_6_10_unique_candidates_as_positive"
"g00gle.win","google.gm","1","confirmed_positive","manual_positive_6_10_unique_predictions","TRUE","user_confirmed_suspicious_domains_result_6_10_unique_candidates_as_positive"
"g00gle.win","google.kg","1","confirmed_positive","manual_positive_6_10_unique_predictions","TRUE","user_confirmed_suspicious_domains_result_6_10_unique_candidates_as_positive"
"g00gle.win","google.ki","1","confirmed_positive","manual_positive_6_10_unique_predictions","TRUE","user_confirmed_suspicious_domains_result_6_10_unique_candidates_as_positive"
"g00gle.win","google.kz","1","confirmed_positive","manual_positive_6_10_unique_predictions","TRUE","user_confirmed_suspicious_domains_result_6_10_unique_candidates_as_positive"
"g00gle.win","google.la","1","confirmed_positive","manual_positive_6_10_unique_predictions","TRUE","user_confirmed_suspicious_domains_result_6_10_unique_candidates_as_positive"
"g00gle.win","google.li","1","confirmed_positive","manual_positive_6_10_unique_predictions","TRUE","user_confirmed_suspicious_domains_result_6_10_unique_candidates_as_positive"
"g00gle.win","google.lk","1","confirmed_positive","manual_positive_6_10_unique_predictions","TRUE","user_confirmed_suspicious_domains_result_6_10_unique_candidates_as_positive"
"g00gle.win","google.lu","1","confirmed_positive","manual_positive_6_10_unique_predictions","TRUE","user_confirmed_suspicious_domains_result_6_10_unique_candidates_as_positive"
"g00gle.win","google.mg","1","confirmed_positive","manual_positive_6_10_unique_predictions","TRUE","user_confirmed_suspicious_domains_result_6_10_unique_candidates_as_positive"
"g00gle.win","google.md","1","confirmed_positive","manual_positive_6_10_unique_predictions","TRUE","user_confirmed_suspicious_domains_result_6_10_unique_candidates_as_positive"
"g00gle.win","google.tg","1","confirmed_positive","manual_positive_6_10_unique_predictions","TRUE","user_confirmed_suspicious_domains_result_6_10_unique_candidates_as_positive"
"g00gle.win","google.ml","1","confirmed_positive","manual_positive_6_10_unique_predictions","TRUE","user_confirmed_suspicious_domains_result_6_10_unique_candidates_as_positive"
"g00gle.win","google.cn","1","confirmed_positive","manual_positive_6_10_unique_predictions","TRUE","user_confirmed_suspicious_domains_result_6_10_unique_candidates_as_positive"
"chrome-google.online","google.com.ai","1","confirmed_positive","manual_positive_6_10_unique_predictions","TRUE","user_confirmed_suspicious_domains_result_6_10_unique_candidates_as_positive"
"chrome-google.online","google.com.af","1","confirmed_positive","manual_positive_6_10_unique_predictions","TRUE","user_confirmed_suspicious_domains_result_6_10_unique_candidates_as_positive"
"chrome-google.online","google.co.zw","1","confirmed_positive","manual_positive_6_10_unique_predictions","TRUE","user_confirmed_suspicious_domains_result_6_10_unique_candidates_as_positive"
"chrome-google.online","google.cl","1","confirmed_positive","manual_positive_6_10_unique_predictions","TRUE","user_confirmed_suspicious_domains_result_6_10_unique_candidates_as_positive"
"chrome-google.online","google.ae","1","confirmed_positive","manual_positive_6_10_unique_predictions","TRUE","user_confirmed_suspicious_domains_result_6_10_unique_candidates_as_positive"
"chrome-google.online","google.ch","1","confirmed_positive","manual_positive_6_10_unique_predictions","TRUE","user_confirmed_suspicious_domains_result_6_10_unique_candidates_as_positive"
"chrome-google.online","google.com.ar","1","confirmed_positive","manual_positive_6_10_unique_predictions","TRUE","user_confirmed_suspicious_domains_result_6_10_unique_candidates_as_positive"
"chrome-google.online","google.co.vi","1","confirmed_positive","manual_positive_6_10_unique_predictions","TRUE","user_confirmed_suspicious_domains_result_6_10_unique_candidates_as_positive"
"chrome-google.online","google.co.uz","1","confirmed_positive","manual_positive_6_10_unique_predictions","TRUE","user_confirmed_suspicious_domains_result_6_10_unique_candidates_as_positive"
"chrome-google.online","google.co.uk","1","confirmed_positive","manual_positive_6_10_unique_predictions","TRUE","user_confirmed_suspicious_domains_result_6_10_unique_candidates_as_positive"
"chrome-google.online","google.co.ug","1","confirmed_positive","manual_positive_6_10_unique_predictions","TRUE","user_confirmed_suspicious_domains_result_6_10_unique_candidates_as_positive"
"chrome-google.online","google.co.tz","1","confirmed_positive","manual_positive_6_10_unique_predictions","TRUE","user_confirmed_suspicious_domains_result_6_10_unique_candidates_as_positive"
"chrome-google.online","google.co.th","1","confirmed_positive","manual_positive_6_10_unique_predictions","TRUE","user_confirmed_suspicious_domains_result_6_10_unique_candidates_as_positive"
"chrome-google.online","google.co.nz","1","confirmed_positive","manual_positive_6_10_unique_predictions","TRUE","user_confirmed_suspicious_domains_result_6_10_unique_candidates_as_positive"
"chrome-google.online","google.co.ve","1","confirmed_positive","manual_positive_6_10_unique_predictions","TRUE","user_confirmed_suspicious_domains_result_6_10_unique_candidates_as_positive"
"chrome-google.online","google.com.au","1","confirmed_positive","manual_positive_6_10_unique_predictions","TRUE","user_confirmed_suspicious_domains_result_6_10_unique_candidates_as_positive"
"chrome-google.online","google.com.bh","1","confirmed_positive","manual_positive_6_10_unique_predictions","TRUE","user_confirmed_suspicious_domains_result_6_10_unique_candidates_as_positive"
"chrome-google.online","google.com.bn","1","confirmed_positive","manual_positive_6_10_unique_predictions","TRUE","user_confirmed_suspicious_domains_result_6_10_unique_candidates_as_positive"
"chrome-google.online","google.com","1","confirmed_positive","manual_positive_6_10_unique_predictions","TRUE","user_confirmed_suspicious_domains_result_6_10_unique_candidates_as_positive"
"chrome-google.online","google.com.bz","1","confirmed_positive","manual_positive_6_10_unique_predictions","TRUE","user_confirmed_suspicious_domains_result_6_10_unique_candidates_as_positive"
"chrome-google.online","google.com.et","1","confirmed_positive","manual_positive_6_10_unique_predictions","TRUE","user_confirmed_suspicious_domains_result_6_10_unique_candidates_as_positive"
"chrome-google.online","google.com.eg","1","confirmed_positive","manual_positive_6_10_unique_predictions","TRUE","user_confirmed_suspicious_domains_result_6_10_unique_candidates_as_positive"
"chrome-google.online","google.com.fj","1","confirmed_positive","manual_positive_6_10_unique_predictions","TRUE","user_confirmed_suspicious_domains_result_6_10_unique_candidates_as_positive"
"chrome-google.online","google.com.gh","1","confirmed_positive","manual_positive_6_10_unique_predictions","TRUE","user_confirmed_suspicious_domains_result_6_10_unique_candidates_as_positive"
"chrome-google.online","google.com.ec","1","confirmed_positive","manual_positive_6_10_unique_predictions","TRUE","user_confirmed_suspicious_domains_result_6_10_unique_candidates_as_positive"
"chrome-google.online","google.com.gi","1","confirmed_positive","manual_positive_6_10_unique_predictions","TRUE","user_confirmed_suspicious_domains_result_6_10_unique_candidates_as_positive"
"chrome-google.online","google.com.do","1","confirmed_positive","manual_positive_6_10_unique_predictions","TRUE","user_confirmed_suspicious_domains_result_6_10_unique_candidates_as_positive"
"chrome-google.online","google.com.cy","1","confirmed_positive","manual_positive_6_10_unique_predictions","TRUE","user_confirmed_suspicious_domains_result_6_10_unique_candidates_as_positive"
"chrome-google.online","google.com.cu","1","confirmed_positive","manual_positive_6_10_unique_predictions","TRUE","user_confirmed_suspicious_domains_result_6_10_unique_candidates_as_positive"
"chrome-google.online","google.com.co","1","confirmed_positive","manual_positive_6_10_unique_predictions","TRUE","user_confirmed_suspicious_domains_result_6_10_unique_candidates_as_positive"
"chrome-google.online","google.com.bd","1","confirmed_positive","manual_positive_6_10_unique_predictions","TRUE","user_confirmed_suspicious_domains_result_6_10_unique_candidates_as_positive"
"chrome-google.online","google.com.br","1","confirmed_positive","manual_positive_6_10_unique_predictions","TRUE","user_confirmed_suspicious_domains_result_6_10_unique_candidates_as_positive"
"chrome-google.online","google.com.bo","1","confirmed_positive","manual_positive_6_10_unique_predictions","TRUE","user_confirmed_suspicious_domains_result_6_10_unique_candidates_as_positive"
"chrome-google.online","google.co.mz","1","confirmed_positive","manual_positive_6_10_unique_predictions","TRUE","user_confirmed_suspicious_domains_result_6_10_unique_candidates_as_positive"
"chrome-google.online","google.co.ls","1","confirmed_positive","manual_positive_6_10_unique_predictions","TRUE","user_confirmed_suspicious_domains_result_6_10_unique_candidates_as_positive"
"chrome-google.online","google.co.ao","1","confirmed_positive","manual_positive_6_10_unique_predictions","TRUE","user_confirmed_suspicious_domains_result_6_10_unique_candidates_as_positive"
"chrome-google.online","google.co.kr","1","confirmed_positive","manual_positive_6_10_unique_predictions","TRUE","user_confirmed_suspicious_domains_result_6_10_unique_candidates_as_positive"
"chrome-google.online","google.bt","1","confirmed_positive","manual_positive_6_10_unique_predictions","TRUE","user_confirmed_suspicious_domains_result_6_10_unique_candidates_as_positive"
"chrome-google.online","google.bs","1","confirmed_positive","manual_positive_6_10_unique_predictions","TRUE","user_confirmed_suspicious_domains_result_6_10_unique_candidates_as_positive"
"chrome-google.online","google.bj","1","confirmed_positive","manual_positive_6_10_unique_predictions","TRUE","user_confirmed_suspicious_domains_result_6_10_unique_candidates_as_positive"
"chrome-google.online","google.bg","1","confirmed_positive","manual_positive_6_10_unique_predictions","TRUE","user_confirmed_suspicious_domains_result_6_10_unique_candidates_as_positive"
"chrome-google.online","google.ci","1","confirmed_positive","manual_positive_6_10_unique_predictions","TRUE","user_confirmed_suspicious_domains_result_6_10_unique_candidates_as_positive"
"chrome-google.online","google.bf","1","confirmed_positive","manual_positive_6_10_unique_predictions","TRUE","user_confirmed_suspicious_domains_result_6_10_unique_candidates_as_positive"
"chrome-google.online","google.be","1","confirmed_positive","manual_positive_6_10_unique_predictions","TRUE","user_confirmed_suspicious_domains_result_6_10_unique_candidates_as_positive"
"chrome-google.online","google.ba","1","confirmed_positive","manual_positive_6_10_unique_predictions","TRUE","user_confirmed_suspicious_domains_result_6_10_unique_candidates_as_positive"
"chrome-google.online","google.az","1","confirmed_positive","manual_positive_6_10_unique_predictions","TRUE","user_confirmed_suspicious_domains_result_6_10_unique_candidates_as_positive"
"chrome-google.online","google.at","1","confirmed_positive","manual_positive_6_10_unique_predictions","TRUE","user_confirmed_suspicious_domains_result_6_10_unique_candidates_as_positive"
"chrome-google.online","google.as","1","confirmed_positive","manual_positive_6_10_unique_predictions","TRUE","user_confirmed_suspicious_domains_result_6_10_unique_candidates_as_positive"
"chrome-google.online","google.am","1","confirmed_positive","manual_positive_6_10_unique_predictions","TRUE","user_confirmed_suspicious_domains_result_6_10_unique_candidates_as_positive"
"chrome-google.online","google.al","1","confirmed_positive","manual_positive_6_10_unique_predictions","TRUE","user_confirmed_suspicious_domains_result_6_10_unique_candidates_as_positive"
"chrome-google.online","google.com.qa","1","confirmed_positive","manual_positive_6_10_unique_predictions","TRUE","user_confirmed_suspicious_domains_result_6_10_unique_candidates_as_positive"
"1124coinbase.com","coinbase.com","1","confirmed_positive","manual_positive_6_10_unique_predictions","TRUE","user_confirmed_suspicious_domains_result_6_10_unique_candidates_as_positive"
"chrome-google.online","google.by","1","confirmed_positive","manual_positive_6_10_unique_predictions","TRUE","user_confirmed_suspicious_domains_result_6_10_unique_candidates_as_positive"
"chrome-google.online","google.lt","1","confirmed_positive","manual_positive_6_10_unique_predictions","TRUE","user_confirmed_suspicious_domains_result_6_10_unique_candidates_as_positive"
"chrome-google.online","google.ca","1","confirmed_positive","manual_positive_6_10_unique_predictions","TRUE","user_confirmed_suspicious_domains_result_6_10_unique_candidates_as_positive"
"chrome-google.online","google.cd","1","confirmed_positive","manual_positive_6_10_unique_predictions","TRUE","user_confirmed_suspicious_domains_result_6_10_unique_candidates_as_positive"
"chrome-google.online","google.co.ke","1","confirmed_positive","manual_positive_6_10_unique_predictions","TRUE","user_confirmed_suspicious_domains_result_6_10_unique_candidates_as_positive"
"chrome-google.online","google.co.jp","1","confirmed_positive","manual_positive_6_10_unique_predictions","TRUE","user_confirmed_suspicious_domains_result_6_10_unique_candidates_as_positive"
"chrome-google.online","google.co.in","1","confirmed_positive","manual_positive_6_10_unique_predictions","TRUE","user_confirmed_suspicious_domains_result_6_10_unique_candidates_as_positive"
"chrome-google.online","google.co.il","1","confirmed_positive","manual_positive_6_10_unique_predictions","TRUE","user_confirmed_suspicious_domains_result_6_10_unique_candidates_as_positive"
"chrome-google.online","google.co.id","1","confirmed_positive","manual_positive_6_10_unique_predictions","TRUE","user_confirmed_suspicious_domains_result_6_10_unique_candidates_as_positive"
"chrome-google.online","google.co.cr","1","confirmed_positive","manual_positive_6_10_unique_predictions","TRUE","user_confirmed_suspicious_domains_result_6_10_unique_candidates_as_positive"
"chrome-google.online","google.co.ck","1","confirmed_positive","manual_positive_6_10_unique_predictions","TRUE","user_confirmed_suspicious_domains_result_6_10_unique_candidates_as_positive"
"chrome-google.online","google.co.bw","1","confirmed_positive","manual_positive_6_10_unique_predictions","TRUE","user_confirmed_suspicious_domains_result_6_10_unique_candidates_as_positive"
"chrome-google.online","google.com.py","1","confirmed_positive","manual_positive_6_10_unique_predictions","TRUE","user_confirmed_suspicious_domains_result_6_10_unique_candidates_as_positive"
"chrome-google.online","google.co.ma","1","confirmed_positive","manual_positive_6_10_unique_predictions","TRUE","user_confirmed_suspicious_domains_result_6_10_unique_candidates_as_positive"
"chrome-google.online","google.cn","1","confirmed_positive","manual_positive_6_10_unique_predictions","TRUE","user_confirmed_suspicious_domains_result_6_10_unique_candidates_as_positive"
"chrome-google.online","google.cm","1","confirmed_positive","manual_positive_6_10_unique_predictions","TRUE","user_confirmed_suspicious_domains_result_6_10_unique_candidates_as_positive"
"chrome-google.online","google.bi","1","confirmed_positive","manual_positive_6_10_unique_predictions","TRUE","user_confirmed_suspicious_domains_result_6_10_unique_candidates_as_positive"
"chrome-google.online","google.cg","1","confirmed_positive","manual_positive_6_10_unique_predictions","TRUE","user_confirmed_suspicious_domains_result_6_10_unique_candidates_as_positive"
"chrome-google.online","google.cf","1","confirmed_positive","manual_positive_6_10_unique_predictions","TRUE","user_confirmed_suspicious_domains_result_6_10_unique_candidates_as_positive"
"chrome-google.online","google.cat","1","confirmed_positive","manual_positive_6_10_unique_predictions","TRUE","user_confirmed_suspicious_domains_result_6_10_unique_candidates_as_positive"
"chrome-google.online","google.com.ag","1","confirmed_positive","manual_positive_6_10_unique_predictions","TRUE","user_confirmed_suspicious_domains_result_6_10_unique_candidates_as_positive"
"chrome-google.online","google.com.kh","1","confirmed_positive","manual_positive_6_10_unique_predictions","TRUE","user_confirmed_suspicious_domains_result_6_10_unique_candidates_as_positive"
"chrome-google.online","google.com.pg","1","confirmed_positive","manual_positive_6_10_unique_predictions","TRUE","user_confirmed_suspicious_domains_result_6_10_unique_candidates_as_positive"
"chrome-google.online","google.com.pe","1","confirmed_positive","manual_positive_6_10_unique_predictions","TRUE","user_confirmed_suspicious_domains_result_6_10_unique_candidates_as_positive"
"chrome-google.online","google.com.pa","1","confirmed_positive","manual_positive_6_10_unique_predictions","TRUE","user_confirmed_suspicious_domains_result_6_10_unique_candidates_as_positive"
"chrome-google.online","google.com.om","1","confirmed_positive","manual_positive_6_10_unique_predictions","TRUE","user_confirmed_suspicious_domains_result_6_10_unique_candidates_as_positive"
"chrome-google.online","google.com.np","1","confirmed_positive","manual_positive_6_10_unique_predictions","TRUE","user_confirmed_suspicious_domains_result_6_10_unique_candidates_as_positive"
"chrome-google.online","google.com.ng","1","confirmed_positive","manual_positive_6_10_unique_predictions","TRUE","user_confirmed_suspicious_domains_result_6_10_unique_candidates_as_positive"
"chrome-google.online","google.com.jm","1","confirmed_positive","manual_positive_6_10_unique_predictions","TRUE","user_confirmed_suspicious_domains_result_6_10_unique_candidates_as_positive"
"chrome-google.online","google.com.na","1","confirmed_positive","manual_positive_6_10_unique_predictions","TRUE","user_confirmed_suspicious_domains_result_6_10_unique_candidates_as_positive"
"chrome-google.online","google.com.my","1","confirmed_positive","manual_positive_6_10_unique_predictions","TRUE","user_confirmed_suspicious_domains_result_6_10_unique_candidates_as_positive"
"chrome-google.online","google.com.mx","1","confirmed_positive","manual_positive_6_10_unique_predictions","TRUE","user_confirmed_suspicious_domains_result_6_10_unique_candidates_as_positive"
"chrome-google.online","google.com.mt","1","confirmed_positive","manual_positive_6_10_unique_predictions","TRUE","user_confirmed_suspicious_domains_result_6_10_unique_candidates_as_positive"
"chrome-google.online","google.com.mm","1","confirmed_positive","manual_positive_6_10_unique_predictions","TRUE","user_confirmed_suspicious_domains_result_6_10_unique_candidates_as_positive"
"chrome-google.online","google.com.ly","1","confirmed_positive","manual_positive_6_10_unique_predictions","TRUE","user_confirmed_suspicious_domains_result_6_10_unique_candidates_as_positive"
"chrome-google.online","google.com.lb","1","confirmed_positive","manual_positive_6_10_unique_predictions","TRUE","user_confirmed_suspicious_domains_result_6_10_unique_candidates_as_positive"
"chrome-google.online","google.com.kw","1","confirmed_positive","manual_positive_6_10_unique_predictions","TRUE","user_confirmed_suspicious_domains_result_6_10_unique_candidates_as_positive"
"chrome-google.online","google.com.ph","1","confirmed_positive","manual_positive_6_10_unique_predictions","TRUE","user_confirmed_suspicious_domains_result_6_10_unique_candidates_as_positive"
"chrome-google.online","google.com.hk","1","confirmed_positive","manual_positive_6_10_unique_predictions","TRUE","user_confirmed_suspicious_domains_result_6_10_unique_candidates_as_positive"
"chrome-google.online","google.com.pk","1","confirmed_positive","manual_positive_6_10_unique_predictions","TRUE","user_confirmed_suspicious_domains_result_6_10_unique_candidates_as_positive"
"chrome-google.online","google.com.pr","1","confirmed_positive","manual_positive_6_10_unique_predictions","TRUE","user_confirmed_suspicious_domains_result_6_10_unique_candidates_as_positive"
"chrome-google.online","google.com.sa","1","confirmed_positive","manual_positive_6_10_unique_predictions","TRUE","user_confirmed_suspicious_domains_result_6_10_unique_candidates_as_positive"
"chrome-google.online","google.com.nf","1","confirmed_positive","manual_positive_6_10_unique_predictions","TRUE","user_confirmed_suspicious_domains_result_6_10_unique_candidates_as_positive"
"chrome-google.online","google.com.ni","1","confirmed_positive","manual_positive_6_10_unique_predictions","TRUE","user_confirmed_suspicious_domains_result_6_10_unique_candidates_as_positive"
"chrome-google.online","google.co.zm","1","confirmed_positive","manual_positive_6_10_unique_predictions","TRUE","user_confirmed_suspicious_domains_result_6_10_unique_candidates_as_positive"
"g00gle.win","google.com.hk","1","confirmed_positive","manual_positive_6_10_unique_predictions","TRUE","user_confirmed_suspicious_domains_result_6_10_unique_candidates_as_positive"
"chrome-google.online","google.com.gt","1","confirmed_positive","manual_positive_6_10_unique_predictions","TRUE","user_confirmed_suspicious_domains_result_6_10_unique_candidates_as_positive"
"g00gle.win","google.com.qa","1","confirmed_positive","manual_positive_6_10_unique_predictions","TRUE","user_confirmed_suspicious_domains_result_6_10_unique_candidates_as_positive"
"my-google.co.uk","google.com.vc","1","confirmed_positive","manual_positive_6_10_unique_predictions","TRUE","user_confirmed_suspicious_domains_result_6_10_unique_candidates_as_positive"
"my-google.co.uk","google.com.uy","1","confirmed_positive","manual_positive_6_10_unique_predictions","TRUE","user_confirmed_suspicious_domains_result_6_10_unique_candidates_as_positive"
"my-google.co.uk","google.com.ua","1","confirmed_positive","manual_positive_6_10_unique_predictions","TRUE","user_confirmed_suspicious_domains_result_6_10_unique_candidates_as_positive"
"my-google.co.uk","google.com.tr","1","confirmed_positive","manual_positive_6_10_unique_predictions","TRUE","user_confirmed_suspicious_domains_result_6_10_unique_candidates_as_positive"
"my-google.co.uk","google.gm","1","confirmed_positive","manual_positive_6_10_unique_predictions","TRUE","user_confirmed_suspicious_domains_result_6_10_unique_candidates_as_positive"
"my-google.co.uk","google.com.sv","1","confirmed_positive","manual_positive_6_10_unique_predictions","TRUE","user_confirmed_suspicious_domains_result_6_10_unique_candidates_as_positive"
"my-google.co.uk","google.com.vn","1","confirmed_positive","manual_positive_6_10_unique_predictions","TRUE","user_confirmed_suspicious_domains_result_6_10_unique_candidates_as_positive"
"my-google.co.uk","google.com.ly","1","confirmed_positive","manual_positive_6_10_unique_predictions","TRUE","user_confirmed_suspicious_domains_result_6_10_unique_candidates_as_positive"
"my-google.co.uk","google.com.sl","1","confirmed_positive","manual_positive_6_10_unique_predictions","TRUE","user_confirmed_suspicious_domains_result_6_10_unique_candidates_as_positive"
"my-google.co.uk","google.com.sg","1","confirmed_positive","manual_positive_6_10_unique_predictions","TRUE","user_confirmed_suspicious_domains_result_6_10_unique_candidates_as_positive"
"my-google.co.uk","google.com.sb","1","confirmed_positive","manual_positive_6_10_unique_predictions","TRUE","user_confirmed_suspicious_domains_result_6_10_unique_candidates_as_positive"
"my-google.co.uk","google.com.sa","1","confirmed_positive","manual_positive_6_10_unique_predictions","TRUE","user_confirmed_suspicious_domains_result_6_10_unique_candidates_as_positive"
"my-google.co.uk","google.com.qa","1","confirmed_positive","manual_positive_6_10_unique_predictions","TRUE","user_confirmed_suspicious_domains_result_6_10_unique_candidates_as_positive"
"my-google.co.uk","google.com.py","1","confirmed_positive","manual_positive_6_10_unique_predictions","TRUE","user_confirmed_suspicious_domains_result_6_10_unique_candidates_as_positive"
"my-google.co.uk","google.com.mm","1","confirmed_positive","manual_positive_6_10_unique_predictions","TRUE","user_confirmed_suspicious_domains_result_6_10_unique_candidates_as_positive"
"my-google.co.uk","google.cv","1","confirmed_positive","manual_positive_6_10_unique_predictions","TRUE","user_confirmed_suspicious_domains_result_6_10_unique_candidates_as_positive"
"my-google.co.uk","google.cz","1","confirmed_positive","manual_positive_6_10_unique_predictions","TRUE","user_confirmed_suspicious_domains_result_6_10_unique_candidates_as_positive"
"my-google.co.uk","google.de","1","confirmed_positive","manual_positive_6_10_unique_predictions","TRUE","user_confirmed_suspicious_domains_result_6_10_unique_candidates_as_positive"
"my-google.co.uk","google.gr","1","confirmed_positive","manual_positive_6_10_unique_predictions","TRUE","user_confirmed_suspicious_domains_result_6_10_unique_candidates_as_positive"
"my-google.co.uk","google.dm","1","confirmed_positive","manual_positive_6_10_unique_predictions","TRUE","user_confirmed_suspicious_domains_result_6_10_unique_candidates_as_positive"
"my-google.co.uk","google.gl","1","confirmed_positive","manual_positive_6_10_unique_predictions","TRUE","user_confirmed_suspicious_domains_result_6_10_unique_candidates_as_positive"
"my-google.co.uk","google.gg","1","confirmed_positive","manual_positive_6_10_unique_predictions","TRUE","user_confirmed_suspicious_domains_result_6_10_unique_candidates_as_positive"
"my-google.co.uk","google.ge","1","confirmed_positive","manual_positive_6_10_unique_predictions","TRUE","user_confirmed_suspicious_domains_result_6_10_unique_candidates_as_positive"
"my-google.co.uk","google.fr","1","confirmed_positive","manual_positive_6_10_unique_predictions","TRUE","user_confirmed_suspicious_domains_result_6_10_unique_candidates_as_positive"
"my-google.co.uk","google.fm","1","confirmed_positive","manual_positive_6_10_unique_predictions","TRUE","user_confirmed_suspicious_domains_result_6_10_unique_candidates_as_positive"
"my-google.co.uk","google.fi","1","confirmed_positive","manual_positive_6_10_unique_predictions","TRUE","user_confirmed_suspicious_domains_result_6_10_unique_candidates_as_positive"
"my-google.co.uk","google.es","1","confirmed_positive","manual_positive_6_10_unique_predictions","TRUE","user_confirmed_suspicious_domains_result_6_10_unique_candidates_as_positive"
"my-google.co.uk","google.ee","1","confirmed_positive","manual_positive_6_10_unique_predictions","TRUE","user_confirmed_suspicious_domains_result_6_10_unique_candidates_as_positive"
"my-google.co.uk","google.dz","1","confirmed_positive","manual_positive_6_10_unique_predictions","TRUE","user_confirmed_suspicious_domains_result_6_10_unique_candidates_as_positive"
"my-google.co.uk","google.dk","1","confirmed_positive","manual_positive_6_10_unique_predictions","TRUE","user_confirmed_suspicious_domains_result_6_10_unique_candidates_as_positive"
"my-google.co.uk","google.gp","1","confirmed_positive","manual_positive_6_10_unique_predictions","TRUE","user_confirmed_suspicious_domains_result_6_10_unique_candidates_as_positive"
"my-google.co.uk","google.dj","1","confirmed_positive","manual_positive_6_10_unique_predictions","TRUE","user_confirmed_suspicious_domains_result_6_10_unique_candidates_as_positive"
"my-google.co.uk","google.dev","1","confirmed_positive","manual_positive_6_10_unique_predictions","TRUE","user_confirmed_suspicious_domains_result_6_10_unique_candidates_as_positive"
"my-google.co.uk","google.com.pr","1","confirmed_positive","manual_positive_6_10_unique_predictions","TRUE","user_confirmed_suspicious_domains_result_6_10_unique_candidates_as_positive"
"my-google.co.uk","google.com.pk","1","confirmed_positive","manual_positive_6_10_unique_predictions","TRUE","user_confirmed_suspicious_domains_result_6_10_unique_candidates_as_positive"
"my-google.co.uk","google.com.ph","1","confirmed_positive","manual_positive_6_10_unique_predictions","TRUE","user_confirmed_suspicious_domains_result_6_10_unique_candidates_as_positive"
"my-google.co.uk","google.com.pg","1","confirmed_positive","manual_positive_6_10_unique_predictions","TRUE","user_confirmed_suspicious_domains_result_6_10_unique_candidates_as_positive"
"my-google.co.uk","google.com.gi","1","confirmed_positive","manual_positive_6_10_unique_predictions","TRUE","user_confirmed_suspicious_domains_result_6_10_unique_candidates_as_positive"
"my-google.co.uk","google.com.gh","1","confirmed_positive","manual_positive_6_10_unique_predictions","TRUE","user_confirmed_suspicious_domains_result_6_10_unique_candidates_as_positive"
"my-google.co.uk","google.com.fj","1","confirmed_positive","manual_positive_6_10_unique_predictions","TRUE","user_confirmed_suspicious_domains_result_6_10_unique_candidates_as_positive"
"my-google.co.uk","google.com.et","1","confirmed_positive","manual_positive_6_10_unique_predictions","TRUE","user_confirmed_suspicious_domains_result_6_10_unique_candidates_as_positive"
"my-google.co.uk","google.com.eg","1","confirmed_positive","manual_positive_6_10_unique_predictions","TRUE","user_confirmed_suspicious_domains_result_6_10_unique_candidates_as_positive"
"my-google.co.uk","google.com.do","1","confirmed_positive","manual_positive_6_10_unique_predictions","TRUE","user_confirmed_suspicious_domains_result_6_10_unique_candidates_as_positive"
"my-google.co.uk","google.com.lb","1","confirmed_positive","manual_positive_6_10_unique_predictions","TRUE","user_confirmed_suspicious_domains_result_6_10_unique_candidates_as_positive"
"my-google.co.uk","google.com.cy","1","confirmed_positive","manual_positive_6_10_unique_predictions","TRUE","user_confirmed_suspicious_domains_result_6_10_unique_candidates_as_positive"
"my-google.co.uk","google.com.cu","1","confirmed_positive","manual_positive_6_10_unique_predictions","TRUE","user_confirmed_suspicious_domains_result_6_10_unique_candidates_as_positive"
"my-google.co.uk","google.com.co","1","confirmed_positive","manual_positive_6_10_unique_predictions","TRUE","user_confirmed_suspicious_domains_result_6_10_unique_candidates_as_positive"
"my-google.co.uk","google.com.bz","1","confirmed_positive","manual_positive_6_10_unique_predictions","TRUE","user_confirmed_suspicious_domains_result_6_10_unique_candidates_as_positive"
"my-google.co.uk","google.com.br","1","confirmed_positive","manual_positive_6_10_unique_predictions","TRUE","user_confirmed_suspicious_domains_result_6_10_unique_candidates_as_positive"
"my-google.co.uk","google.com.bo","1","confirmed_positive","manual_positive_6_10_unique_predictions","TRUE","user_confirmed_suspicious_domains_result_6_10_unique_candidates_as_positive"
"my-google.co.uk","google.com.bn","1","confirmed_positive","manual_positive_6_10_unique_predictions","TRUE","user_confirmed_suspicious_domains_result_6_10_unique_candidates_as_positive"
"my-google.co.uk","google.com.bh","1","confirmed_positive","manual_positive_6_10_unique_predictions","TRUE","user_confirmed_suspicious_domains_result_6_10_unique_candidates_as_positive"
"my-google.co.uk","google.com.gt","1","confirmed_positive","manual_positive_6_10_unique_predictions","TRUE","user_confirmed_suspicious_domains_result_6_10_unique_candidates_as_positive"
"my-google.co.uk","google.gy","1","confirmed_positive","manual_positive_6_10_unique_predictions","TRUE","user_confirmed_suspicious_domains_result_6_10_unique_candidates_as_positive"
"my-google.co.uk","google.com.hk","1","confirmed_positive","manual_positive_6_10_unique_predictions","TRUE","user_confirmed_suspicious_domains_result_6_10_unique_candidates_as_positive"
"my-google.co.uk","google.com.kh","1","confirmed_positive","manual_positive_6_10_unique_predictions","TRUE","user_confirmed_suspicious_domains_result_6_10_unique_candidates_as_positive"
"my-google.co.uk","google.com.pe","1","confirmed_positive","manual_positive_6_10_unique_predictions","TRUE","user_confirmed_suspicious_domains_result_6_10_unique_candidates_as_positive"
"my-google.co.uk","google.com.pa","1","confirmed_positive","manual_positive_6_10_unique_predictions","TRUE","user_confirmed_suspicious_domains_result_6_10_unique_candidates_as_positive"
"my-google.co.uk","google.com.om","1","confirmed_positive","manual_positive_6_10_unique_predictions","TRUE","user_confirmed_suspicious_domains_result_6_10_unique_candidates_as_positive"
"my-google.co.uk","google.com.np","1","confirmed_positive","manual_positive_6_10_unique_predictions","TRUE","user_confirmed_suspicious_domains_result_6_10_unique_candidates_as_positive"
"my-google.co.uk","google.com.ni","1","confirmed_positive","manual_positive_6_10_unique_predictions","TRUE","user_confirmed_suspicious_domains_result_6_10_unique_candidates_as_positive"
"my-google.co.uk","google.com.ng","1","confirmed_positive","manual_positive_6_10_unique_predictions","TRUE","user_confirmed_suspicious_domains_result_6_10_unique_candidates_as_positive"
"my-google.co.uk","google.com.nf","1","confirmed_positive","manual_positive_6_10_unique_predictions","TRUE","user_confirmed_suspicious_domains_result_6_10_unique_candidates_as_positive"
"my-google.co.uk","google.com.na","1","confirmed_positive","manual_positive_6_10_unique_predictions","TRUE","user_confirmed_suspicious_domains_result_6_10_unique_candidates_as_positive"
"my-google.co.uk","google.com.my","1","confirmed_positive","manual_positive_6_10_unique_predictions","TRUE","user_confirmed_suspicious_domains_result_6_10_unique_candidates_as_positive"
"my-google.co.uk","google.com.mx","1","confirmed_positive","manual_positive_6_10_unique_predictions","TRUE","user_confirmed_suspicious_domains_result_6_10_unique_candidates_as_positive"
"my-google.co.uk","google.com.ar","1","confirmed_positive","manual_positive_6_10_unique_predictions","TRUE","user_confirmed_suspicious_domains_result_6_10_unique_candidates_as_positive"
"my-google.co.uk","google.com.kw","1","confirmed_positive","manual_positive_6_10_unique_predictions","TRUE","user_confirmed_suspicious_domains_result_6_10_unique_candidates_as_positive"
"my-google.co.uk","google.com.bd","1","confirmed_positive","manual_positive_6_10_unique_predictions","TRUE","user_confirmed_suspicious_domains_result_6_10_unique_candidates_as_positive"
"my-google.co.uk","google.co.il","1","confirmed_positive","manual_positive_6_10_unique_predictions","TRUE","user_confirmed_suspicious_domains_result_6_10_unique_candidates_as_positive"
"my-google.co.uk","google.com.ec","1","confirmed_positive","manual_positive_6_10_unique_predictions","TRUE","user_confirmed_suspicious_domains_result_6_10_unique_candidates_as_positive"
"my-google.co.uk","google.com.jm","1","confirmed_positive","manual_positive_6_10_unique_predictions","TRUE","user_confirmed_suspicious_domains_result_6_10_unique_candidates_as_positive"
"my-google.co.uk","google.com.mt","1","confirmed_positive","manual_positive_6_10_unique_predictions","TRUE","user_confirmed_suspicious_domains_result_6_10_unique_candidates_as_positive"
"my-google.co.uk","google.kg","1","confirmed_positive","manual_positive_6_10_unique_predictions","TRUE","user_confirmed_suspicious_domains_result_6_10_unique_candidates_as_positive"
"my-google.co.uk","google.hr","1","confirmed_positive","manual_positive_6_10_unique_predictions","TRUE","user_confirmed_suspicious_domains_result_6_10_unique_candidates_as_positive"
"my-google.co.uk","google.st","1","confirmed_positive","manual_positive_6_10_unique_predictions","TRUE","user_confirmed_suspicious_domains_result_6_10_unique_candidates_as_positive"
"my-google.co.uk","google.sr","1","confirmed_positive","manual_positive_6_10_unique_predictions","TRUE","user_confirmed_suspicious_domains_result_6_10_unique_candidates_as_positive"
"my-google.co.uk","google.so","1","confirmed_positive","manual_positive_6_10_unique_predictions","TRUE","user_confirmed_suspicious_domains_result_6_10_unique_candidates_as_positive"
"my-google.co.uk","google.sn","1","confirmed_positive","manual_positive_6_10_unique_predictions","TRUE","user_confirmed_suspicious_domains_result_6_10_unique_candidates_as_positive"
"my-google.co.uk","google.sk","1","confirmed_positive","manual_positive_6_10_unique_predictions","TRUE","user_confirmed_suspicious_domains_result_6_10_unique_candidates_as_positive"
"my-google.co.uk","google.sh","1","confirmed_positive","manual_positive_6_10_unique_predictions","TRUE","user_confirmed_suspicious_domains_result_6_10_unique_candidates_as_positive"
"my-google.co.uk","google.td","1","confirmed_positive","manual_positive_6_10_unique_predictions","TRUE","user_confirmed_suspicious_domains_result_6_10_unique_candidates_as_positive"
"my-google.co.uk","google.com.tj","1","confirmed_positive","manual_positive_6_10_unique_predictions","TRUE","user_confirmed_suspicious_domains_result_6_10_unique_candidates_as_positive"
"my-google.co.uk","google.mk","1","confirmed_positive","manual_positive_6_10_unique_predictions","TRUE","user_confirmed_suspicious_domains_result_6_10_unique_candidates_as_positive"
"my-google.co.uk","google.se","1","confirmed_positive","manual_positive_6_10_unique_predictions","TRUE","user_confirmed_suspicious_domains_result_6_10_unique_candidates_as_positive"
"my-google.co.uk","google.sc","1","confirmed_positive","manual_positive_6_10_unique_predictions","TRUE","user_confirmed_suspicious_domains_result_6_10_unique_candidates_as_positive"
"my-google.co.uk","google.rw","1","confirmed_positive","manual_positive_6_10_unique_predictions","TRUE","user_confirmed_suspicious_domains_result_6_10_unique_candidates_as_positive"
"my-google.co.uk","google.ru","1","confirmed_positive","manual_positive_6_10_unique_predictions","TRUE","user_confirmed_suspicious_domains_result_6_10_unique_candidates_as_positive"
"my-google.co.uk","google.rs","1","confirmed_positive","manual_positive_6_10_unique_predictions","TRUE","user_confirmed_suspicious_domains_result_6_10_unique_candidates_as_positive"
"my-google.co.uk","google.mn","1","confirmed_positive","manual_positive_6_10_unique_predictions","TRUE","user_confirmed_suspicious_domains_result_6_10_unique_candidates_as_positive"
"my-google.co.uk","google.tg","1","confirmed_positive","manual_positive_6_10_unique_predictions","TRUE","user_confirmed_suspicious_domains_result_6_10_unique_candidates_as_positive"
"my-google.co.uk","google.tk","1","confirmed_positive","manual_positive_6_10_unique_predictions","TRUE","user_confirmed_suspicious_domains_result_6_10_unique_candidates_as_positive"
"my-google.co.uk","google.tl","1","confirmed_positive","manual_positive_6_10_unique_predictions","TRUE","user_confirmed_suspicious_domains_result_6_10_unique_candidates_as_positive"
"g00gle.win","google.com","1","confirmed_positive","manual_positive_6_10_unique_predictions","TRUE","user_confirmed_suspicious_domains_result_6_10_unique_candidates_as_positive"
"my-google.co.uk","google.si","1","confirmed_positive","manual_positive_6_10_unique_predictions","TRUE","user_confirmed_suspicious_domains_result_6_10_unique_candidates_as_positive"
"my-google.co.uk","google.to","1","confirmed_positive","manual_positive_6_10_unique_predictions","TRUE","user_confirmed_suspicious_domains_result_6_10_unique_candidates_as_positive"
"my-google.co.uk","google.ac","1","confirmed_positive","manual_positive_6_10_unique_predictions","TRUE","user_confirmed_suspicious_domains_result_6_10_unique_candidates_as_positive"
"my-google.co.uk","google.ad","1","confirmed_positive","manual_positive_6_10_unique_predictions","TRUE","user_confirmed_suspicious_domains_result_6_10_unique_candidates_as_positive"
"my-google.co.uk","google.ae","1","confirmed_positive","manual_positive_6_10_unique_predictions","TRUE","user_confirmed_suspicious_domains_result_6_10_unique_candidates_as_positive"
"my-google.co.uk","google.al","1","confirmed_positive","manual_positive_6_10_unique_predictions","TRUE","user_confirmed_suspicious_domains_result_6_10_unique_candidates_as_positive"
"my-google.co.uk","google.ws","1","confirmed_positive","manual_positive_6_10_unique_predictions","TRUE","user_confirmed_suspicious_domains_result_6_10_unique_candidates_as_positive"
"my-google.co.uk","google.vu","1","confirmed_positive","manual_positive_6_10_unique_predictions","TRUE","user_confirmed_suspicious_domains_result_6_10_unique_candidates_as_positive"
"my-google.co.uk","google.vg","1","confirmed_positive","manual_positive_6_10_unique_predictions","TRUE","user_confirmed_suspicious_domains_result_6_10_unique_candidates_as_positive"
"my-google.co.uk","google.us","1","confirmed_positive","manual_positive_6_10_unique_predictions","TRUE","user_confirmed_suspicious_domains_result_6_10_unique_candidates_as_positive"
"my-google.co.uk","google.tt","1","confirmed_positive","manual_positive_6_10_unique_predictions","TRUE","user_confirmed_suspicious_domains_result_6_10_unique_candidates_as_positive"
"my-google.co.uk","google.tn","1","confirmed_positive","manual_positive_6_10_unique_predictions","TRUE","user_confirmed_suspicious_domains_result_6_10_unique_candidates_as_positive"
"my-google.co.uk","google.sm","1","confirmed_positive","manual_positive_6_10_unique_predictions","TRUE","user_confirmed_suspicious_domains_result_6_10_unique_candidates_as_positive"
"my-google.co.uk","google.tm","1","confirmed_positive","manual_positive_6_10_unique_predictions","TRUE","user_confirmed_suspicious_domains_result_6_10_unique_candidates_as_positive"
"my-google.co.uk","google.ro","1","confirmed_positive","manual_positive_6_10_unique_predictions","TRUE","user_confirmed_suspicious_domains_result_6_10_unique_candidates_as_positive"
"my-google.co.uk","google.pt","1","confirmed_positive","manual_positive_6_10_unique_predictions","TRUE","user_confirmed_suspicious_domains_result_6_10_unique_candidates_as_positive"
"my-google.co.uk","google.ps","1","confirmed_positive","manual_positive_6_10_unique_predictions","TRUE","user_confirmed_suspicious_domains_result_6_10_unique_candidates_as_positive"
"my-google.co.uk","google.pn","1","confirmed_positive","manual_positive_6_10_unique_predictions","TRUE","user_confirmed_suspicious_domains_result_6_10_unique_candidates_as_positive"
"my-google.co.uk","google.lk","1","confirmed_positive","manual_positive_6_10_unique_predictions","TRUE","user_confirmed_suspicious_domains_result_6_10_unique_candidates_as_positive"
"my-google.co.uk","google.li","1","confirmed_positive","manual_positive_6_10_unique_predictions","TRUE","user_confirmed_suspicious_domains_result_6_10_unique_candidates_as_positive"
"my-google.co.uk","google.la","1","confirmed_positive","manual_positive_6_10_unique_predictions","TRUE","user_confirmed_suspicious_domains_result_6_10_unique_candidates_as_positive"
"my-google.co.uk","google.kz","1","confirmed_positive","manual_positive_6_10_unique_predictions","TRUE","user_confirmed_suspicious_domains_result_6_10_unique_candidates_as_positive"
"my-google.co.uk","google.ki","1","confirmed_positive","manual_positive_6_10_unique_predictions","TRUE","user_confirmed_suspicious_domains_result_6_10_unique_candidates_as_positive"
"my-google.co.uk","google.jo","1","confirmed_positive","manual_positive_6_10_unique_predictions","TRUE","user_confirmed_suspicious_domains_result_6_10_unique_candidates_as_positive"
"my-google.co.uk","google.hn","1","confirmed_positive","manual_positive_6_10_unique_predictions","TRUE","user_confirmed_suspicious_domains_result_6_10_unique_candidates_as_positive"
"my-google.co.uk","google.je","1","confirmed_positive","manual_positive_6_10_unique_predictions","TRUE","user_confirmed_suspicious_domains_result_6_10_unique_candidates_as_positive"
"my-google.co.uk","google.it","1","confirmed_positive","manual_positive_6_10_unique_predictions","TRUE","user_confirmed_suspicious_domains_result_6_10_unique_candidates_as_positive"
"my-google.co.uk","google.is","1","confirmed_positive","manual_positive_6_10_unique_predictions","TRUE","user_confirmed_suspicious_domains_result_6_10_unique_candidates_as_positive"
"my-google.co.uk","google.iq","1","confirmed_positive","manual_positive_6_10_unique_predictions","TRUE","user_confirmed_suspicious_domains_result_6_10_unique_candidates_as_positive"
"my-google.co.uk","google.im","1","confirmed_positive","manual_positive_6_10_unique_predictions","TRUE","user_confirmed_suspicious_domains_result_6_10_unique_candidates_as_positive"
"my-google.co.uk","google.ie","1","confirmed_positive","manual_positive_6_10_unique_predictions","TRUE","user_confirmed_suspicious_domains_result_6_10_unique_candidates_as_positive"
"my-google.co.uk","google.hu","1","confirmed_positive","manual_positive_6_10_unique_predictions","TRUE","user_confirmed_suspicious_domains_result_6_10_unique_candidates_as_positive"
"my-google.co.uk","google.ht","1","confirmed_positive","manual_positive_6_10_unique_predictions","TRUE","user_confirmed_suspicious_domains_result_6_10_unique_candidates_as_positive"
"my-google.co.uk","google.lt","1","confirmed_positive","manual_positive_6_10_unique_predictions","TRUE","user_confirmed_suspicious_domains_result_6_10_unique_candidates_as_positive"
"my-google.co.uk","google.at","1","confirmed_positive","manual_positive_6_10_unique_predictions","TRUE","user_confirmed_suspicious_domains_result_6_10_unique_candidates_as_positive"
"my-google.co.uk","google.lu","1","confirmed_positive","manual_positive_6_10_unique_predictions","TRUE","user_confirmed_suspicious_domains_result_6_10_unique_candidates_as_positive"
"my-google.co.uk","google.md","1","confirmed_positive","manual_positive_6_10_unique_predictions","TRUE","user_confirmed_suspicious_domains_result_6_10_unique_candidates_as_positive"
"my-google.co.uk","google.pl","1","confirmed_positive","manual_positive_6_10_unique_predictions","TRUE","user_confirmed_suspicious_domains_result_6_10_unique_candidates_as_positive"
"my-google.co.uk","google.org","1","confirmed_positive","manual_positive_6_10_unique_predictions","TRUE","user_confirmed_suspicious_domains_result_6_10_unique_candidates_as_positive"
"my-google.co.uk","google.nu","1","confirmed_positive","manual_positive_6_10_unique_predictions","TRUE","user_confirmed_suspicious_domains_result_6_10_unique_candidates_as_positive"
"my-google.co.uk","google.nr","1","confirmed_positive","manual_positive_6_10_unique_predictions","TRUE","user_confirmed_suspicious_domains_result_6_10_unique_candidates_as_positive"
"my-google.co.uk","google.no","1","confirmed_positive","manual_positive_6_10_unique_predictions","TRUE","user_confirmed_suspicious_domains_result_6_10_unique_candidates_as_positive"
"my-google.co.uk","google.nl","1","confirmed_positive","manual_positive_6_10_unique_predictions","TRUE","user_confirmed_suspicious_domains_result_6_10_unique_candidates_as_positive"
"my-google.co.uk","google.ne","1","confirmed_positive","manual_positive_6_10_unique_predictions","TRUE","user_confirmed_suspicious_domains_result_6_10_unique_candidates_as_positive"
"my-google.co.uk","google.mw","1","confirmed_positive","manual_positive_6_10_unique_predictions","TRUE","user_confirmed_suspicious_domains_result_6_10_unique_candidates_as_positive"
"my-google.co.uk","google.mv","1","confirmed_positive","manual_positive_6_10_unique_predictions","TRUE","user_confirmed_suspicious_domains_result_6_10_unique_candidates_as_positive"
"my-google.co.uk","google.mu","1","confirmed_positive","manual_positive_6_10_unique_predictions","TRUE","user_confirmed_suspicious_domains_result_6_10_unique_candidates_as_positive"
"my-google.co.uk","google.ms","1","confirmed_positive","manual_positive_6_10_unique_predictions","TRUE","user_confirmed_suspicious_domains_result_6_10_unique_candidates_as_positive"
"my-google.co.uk","google.ml","1","confirmed_positive","manual_positive_6_10_unique_predictions","TRUE","user_confirmed_suspicious_domains_result_6_10_unique_candidates_as_positive"
"my-google.co.uk","google.mg","1","confirmed_positive","manual_positive_6_10_unique_predictions","TRUE","user_confirmed_suspicious_domains_result_6_10_unique_candidates_as_positive"
"my-google.co.uk","google.com.tw","1","confirmed_positive","manual_positive_6_10_unique_predictions","TRUE","user_confirmed_suspicious_domains_result_6_10_unique_candidates_as_positive"
"my-google.co.uk","google.me","1","confirmed_positive","manual_positive_6_10_unique_predictions","TRUE","user_confirmed_suspicious_domains_result_6_10_unique_candidates_as_positive"
"my-google.co.uk","google.lv","1","confirmed_positive","manual_positive_6_10_unique_predictions","TRUE","user_confirmed_suspicious_domains_result_6_10_unique_candidates_as_positive"
"my-google.co.uk","google.com.ag","1","confirmed_positive","manual_positive_6_10_unique_predictions","TRUE","user_confirmed_suspicious_domains_result_6_10_unique_candidates_as_positive"
"my-google.co.uk","google.com.au","1","confirmed_positive","manual_positive_6_10_unique_predictions","TRUE","user_confirmed_suspicious_domains_result_6_10_unique_candidates_as_positive"
"my-google.co.uk","google.az","1","confirmed_positive","manual_positive_6_10_unique_predictions","TRUE","user_confirmed_suspicious_domains_result_6_10_unique_candidates_as_positive"
"g00gle.win","google.co.uz","1","confirmed_positive","manual_positive_6_10_unique_predictions","TRUE","user_confirmed_suspicious_domains_result_6_10_unique_candidates_as_positive"
"my-google.co.uk","google.com.ai","1","confirmed_positive","manual_positive_6_10_unique_predictions","TRUE","user_confirmed_suspicious_domains_result_6_10_unique_candidates_as_positive"
"g00gle.win","google.co.vi","1","confirmed_positive","manual_positive_6_10_unique_predictions","TRUE","user_confirmed_suspicious_domains_result_6_10_unique_candidates_as_positive"
"g00gle.win","google.cm","1","confirmed_positive","manual_positive_6_10_unique_predictions","TRUE","user_confirmed_suspicious_domains_result_6_10_unique_candidates_as_positive"
"g00gle.win","google.ad","1","confirmed_positive","manual_positive_6_10_unique_predictions","TRUE","user_confirmed_suspicious_domains_result_6_10_unique_candidates_as_positive"
"g00gle.win","google.co.zw","1","confirmed_positive","manual_positive_6_10_unique_predictions","TRUE","user_confirmed_suspicious_domains_result_6_10_unique_candidates_as_positive"
"g00gle.win","google.co.uk","1","confirmed_positive","manual_positive_6_10_unique_predictions","TRUE","user_confirmed_suspicious_domains_result_6_10_unique_candidates_as_positive"
"g00gle.win","google.com.ni","1","confirmed_positive","manual_positive_6_10_unique_predictions","TRUE","user_confirmed_suspicious_domains_result_6_10_unique_candidates_as_positive"
"g00gle.win","google.com.gt","1","confirmed_positive","manual_positive_6_10_unique_predictions","TRUE","user_confirmed_suspicious_domains_result_6_10_unique_candidates_as_positive"
"g00gle.win","google.com.ag","1","confirmed_positive","manual_positive_6_10_unique_predictions","TRUE","user_confirmed_suspicious_domains_result_6_10_unique_candidates_as_positive"
"g00gle.win","google.com.ai","1","confirmed_positive","manual_positive_6_10_unique_predictions","TRUE","user_confirmed_suspicious_domains_result_6_10_unique_candidates_as_positive"
"g00gle.win","google.com.ar","1","confirmed_positive","manual_positive_6_10_unique_predictions","TRUE","user_confirmed_suspicious_domains_result_6_10_unique_candidates_as_positive"
"g00gle.win","google.com.au","1","confirmed_positive","manual_positive_6_10_unique_predictions","TRUE","user_confirmed_suspicious_domains_result_6_10_unique_candidates_as_positive"
"g00gle.win","google.com.bd","1","confirmed_positive","manual_positive_6_10_unique_predictions","TRUE","user_confirmed_suspicious_domains_result_6_10_unique_candidates_as_positive"
"g00gle.win","google.co.ao","1","confirmed_positive","manual_positive_6_10_unique_predictions","TRUE","user_confirmed_suspicious_domains_result_6_10_unique_candidates_as_positive"
"g00gle.win","google.co.ug","1","confirmed_positive","manual_positive_6_10_unique_predictions","TRUE","user_confirmed_suspicious_domains_result_6_10_unique_candidates_as_positive"
"g00gle.win","google.co.tz","1","confirmed_positive","manual_positive_6_10_unique_predictions","TRUE","user_confirmed_suspicious_domains_result_6_10_unique_candidates_as_positive"
"g00gle.win","google.co.th","1","confirmed_positive","manual_positive_6_10_unique_predictions","TRUE","user_confirmed_suspicious_domains_result_6_10_unique_candidates_as_positive"
"g00gle.win","google.co.zm","1","confirmed_positive","manual_positive_6_10_unique_predictions","TRUE","user_confirmed_suspicious_domains_result_6_10_unique_candidates_as_positive"
"g00gle.win","google.ci","1","confirmed_positive","manual_positive_6_10_unique_predictions","TRUE","user_confirmed_suspicious_domains_result_6_10_unique_candidates_as_positive"
"g00gle.win","google.co.bw","1","confirmed_positive","manual_positive_6_10_unique_predictions","TRUE","user_confirmed_suspicious_domains_result_6_10_unique_candidates_as_positive"
"g00gle.win","google.co.ck","1","confirmed_positive","manual_positive_6_10_unique_predictions","TRUE","user_confirmed_suspicious_domains_result_6_10_unique_candidates_as_positive"
"g00gle.win","google.co.cr","1","confirmed_positive","manual_positive_6_10_unique_predictions","TRUE","user_confirmed_suspicious_domains_result_6_10_unique_candidates_as_positive"
"g00gle.win","google.co.id","1","confirmed_positive","manual_positive_6_10_unique_predictions","TRUE","user_confirmed_suspicious_domains_result_6_10_unique_candidates_as_positive"
"g00gle.win","google.co.il","1","confirmed_positive","manual_positive_6_10_unique_predictions","TRUE","user_confirmed_suspicious_domains_result_6_10_unique_candidates_as_positive"
"g00gle.win","google.co.in","1","confirmed_positive","manual_positive_6_10_unique_predictions","TRUE","user_confirmed_suspicious_domains_result_6_10_unique_candidates_as_positive"
"g00gle.win","google.co.jp","1","confirmed_positive","manual_positive_6_10_unique_predictions","TRUE","user_confirmed_suspicious_domains_result_6_10_unique_candidates_as_positive"
"g00gle.win","google.co.ke","1","confirmed_positive","manual_positive_6_10_unique_predictions","TRUE","user_confirmed_suspicious_domains_result_6_10_unique_candidates_as_positive"
"g00gle.win","google.co.ls","1","confirmed_positive","manual_positive_6_10_unique_predictions","TRUE","user_confirmed_suspicious_domains_result_6_10_unique_candidates_as_positive"
"g00gle.win","google.cl","1","confirmed_positive","manual_positive_6_10_unique_predictions","TRUE","user_confirmed_suspicious_domains_result_6_10_unique_candidates_as_positive"
"g00gle.win","google.co.ma","1","confirmed_positive","manual_positive_6_10_unique_predictions","TRUE","user_confirmed_suspicious_domains_result_6_10_unique_candidates_as_positive"
"g00gle.win","google.co.mz","1","confirmed_positive","manual_positive_6_10_unique_predictions","TRUE","user_confirmed_suspicious_domains_result_6_10_unique_candidates_as_positive"
"g00gle.win","google.co.nz","1","confirmed_positive","manual_positive_6_10_unique_predictions","TRUE","user_confirmed_suspicious_domains_result_6_10_unique_candidates_as_positive"
"g00gle.win","google.com.bh","1","confirmed_positive","manual_positive_6_10_unique_predictions","TRUE","user_confirmed_suspicious_domains_result_6_10_unique_candidates_as_positive"
"g00gle.win","google.com.bn","1","confirmed_positive","manual_positive_6_10_unique_predictions","TRUE","user_confirmed_suspicious_domains_result_6_10_unique_candidates_as_positive"
"g00gle.win","google.com.bo","1","confirmed_positive","manual_positive_6_10_unique_predictions","TRUE","user_confirmed_suspicious_domains_result_6_10_unique_candidates_as_positive"
"g00gle.win","google.com.br","1","confirmed_positive","manual_positive_6_10_unique_predictions","TRUE","user_confirmed_suspicious_domains_result_6_10_unique_candidates_as_positive"
"g00gle.win","google.com.mx","1","confirmed_positive","manual_positive_6_10_unique_predictions","TRUE","user_confirmed_suspicious_domains_result_6_10_unique_candidates_as_positive"
"g00gle.win","google.com.my","1","confirmed_positive","manual_positive_6_10_unique_predictions","TRUE","user_confirmed_suspicious_domains_result_6_10_unique_candidates_as_positive"
"g00gle.win","google.com.na","1","confirmed_positive","manual_positive_6_10_unique_predictions","TRUE","user_confirmed_suspicious_domains_result_6_10_unique_candidates_as_positive"
"g00gle.win","google.com.nf","1","confirmed_positive","manual_positive_6_10_unique_predictions","TRUE","user_confirmed_suspicious_domains_result_6_10_unique_candidates_as_positive"
"g00gle.win","google.com.ng","1","confirmed_positive","manual_positive_6_10_unique_predictions","TRUE","user_confirmed_suspicious_domains_result_6_10_unique_candidates_as_positive"
"g00gle.win","google.com.np","1","confirmed_positive","manual_positive_6_10_unique_predictions","TRUE","user_confirmed_suspicious_domains_result_6_10_unique_candidates_as_positive"
"g00gle.win","google.com.jm","1","confirmed_positive","manual_positive_6_10_unique_predictions","TRUE","user_confirmed_suspicious_domains_result_6_10_unique_candidates_as_positive"
"g00gle.win","google.com.om","1","confirmed_positive","manual_positive_6_10_unique_predictions","TRUE","user_confirmed_suspicious_domains_result_6_10_unique_candidates_as_positive"
"g00gle.win","google.com.pa","1","confirmed_positive","manual_positive_6_10_unique_predictions","TRUE","user_confirmed_suspicious_domains_result_6_10_unique_candidates_as_positive"
"g00gle.win","google.com.pe","1","confirmed_positive","manual_positive_6_10_unique_predictions","TRUE","user_confirmed_suspicious_domains_result_6_10_unique_candidates_as_positive"
"g00gle.win","google.com.pg","1","confirmed_positive","manual_positive_6_10_unique_predictions","TRUE","user_confirmed_suspicious_domains_result_6_10_unique_candidates_as_positive"
"g00gle.win","google.com.ph","1","confirmed_positive","manual_positive_6_10_unique_predictions","TRUE","user_confirmed_suspicious_domains_result_6_10_unique_candidates_as_positive"
"g00gle.win","google.com.pk","1","confirmed_positive","manual_positive_6_10_unique_predictions","TRUE","user_confirmed_suspicious_domains_result_6_10_unique_candidates_as_positive"
"g00gle.win","google.com.pr","1","confirmed_positive","manual_positive_6_10_unique_predictions","TRUE","user_confirmed_suspicious_domains_result_6_10_unique_candidates_as_positive"
"g00gle.win","google.com.py","1","confirmed_positive","manual_positive_6_10_unique_predictions","TRUE","user_confirmed_suspicious_domains_result_6_10_unique_candidates_as_positive"
"g00gle.win","google.com.mt","1","confirmed_positive","manual_positive_6_10_unique_predictions","TRUE","user_confirmed_suspicious_domains_result_6_10_unique_candidates_as_positive"
"g00gle.win","google.bf","1","confirmed_positive","manual_positive_6_10_unique_predictions","TRUE","user_confirmed_suspicious_domains_result_6_10_unique_candidates_as_positive"
"g00gle.win","google.com.mm","1","confirmed_positive","manual_positive_6_10_unique_predictions","TRUE","user_confirmed_suspicious_domains_result_6_10_unique_candidates_as_positive"
"g00gle.win","google.com.lb","1","confirmed_positive","manual_positive_6_10_unique_predictions","TRUE","user_confirmed_suspicious_domains_result_6_10_unique_candidates_as_positive"
"g00gle.win","google.com.af","1","confirmed_positive","manual_positive_6_10_unique_predictions","TRUE","user_confirmed_suspicious_domains_result_6_10_unique_candidates_as_positive"
"g00gle.win","google.com.co","1","confirmed_positive","manual_positive_6_10_unique_predictions","TRUE","user_confirmed_suspicious_domains_result_6_10_unique_candidates_as_positive"
"g00gle.win","google.com.et","1","confirmed_positive","manual_positive_6_10_unique_predictions","TRUE","user_confirmed_suspicious_domains_result_6_10_unique_candidates_as_positive"
"g00gle.win","google.com.cu","1","confirmed_positive","manual_positive_6_10_unique_predictions","TRUE","user_confirmed_suspicious_domains_result_6_10_unique_candidates_as_positive"
"g00gle.win","google.com.gh","1","confirmed_positive","manual_positive_6_10_unique_predictions","TRUE","user_confirmed_suspicious_domains_result_6_10_unique_candidates_as_positive"
"g00gle.win","google.com.fj","1","confirmed_positive","manual_positive_6_10_unique_predictions","TRUE","user_confirmed_suspicious_domains_result_6_10_unique_candidates_as_positive"
"g00gle.win","google.com.gi","1","confirmed_positive","manual_positive_6_10_unique_predictions","TRUE","user_confirmed_suspicious_domains_result_6_10_unique_candidates_as_positive"
"g00gle.win","google.com.eg","1","confirmed_positive","manual_positive_6_10_unique_predictions","TRUE","user_confirmed_suspicious_domains_result_6_10_unique_candidates_as_positive"
"g00gle.win","google.com.ec","1","confirmed_positive","manual_positive_6_10_unique_predictions","TRUE","user_confirmed_suspicious_domains_result_6_10_unique_candidates_as_positive"
"g00gle.win","google.com.do","1","confirmed_positive","manual_positive_6_10_unique_predictions","TRUE","user_confirmed_suspicious_domains_result_6_10_unique_candidates_as_positive"
"g00gle.win","google.com.cy","1","confirmed_positive","manual_positive_6_10_unique_predictions","TRUE","user_confirmed_suspicious_domains_result_6_10_unique_candidates_as_positive"
"g00gle.win","google.com.bz","1","confirmed_positive","manual_positive_6_10_unique_predictions","TRUE","user_confirmed_suspicious_domains_result_6_10_unique_candidates_as_positive"
"g00gle.win","google.com.sa","1","confirmed_positive","manual_positive_6_10_unique_predictions","TRUE","user_confirmed_suspicious_domains_result_6_10_unique_candidates_as_positive"
"g00gle.win","google.com.kw","1","confirmed_positive","manual_positive_6_10_unique_predictions","TRUE","user_confirmed_suspicious_domains_result_6_10_unique_candidates_as_positive"
"g00gle.win","google.com.kh","1","confirmed_positive","manual_positive_6_10_unique_predictions","TRUE","user_confirmed_suspicious_domains_result_6_10_unique_candidates_as_positive"
"g00gle.win","google.com.ly","1","confirmed_positive","manual_positive_6_10_unique_predictions","TRUE","user_confirmed_suspicious_domains_result_6_10_unique_candidates_as_positive"
"g00gle.win","google.com.sb","1","confirmed_positive","manual_positive_6_10_unique_predictions","TRUE","user_confirmed_suspicious_domains_result_6_10_unique_candidates_as_positive"
"g00gle.win","google.co.ve","1","confirmed_positive","manual_positive_6_10_unique_predictions","TRUE","user_confirmed_suspicious_domains_result_6_10_unique_candidates_as_positive"
"g00gle.win","google.cg","1","confirmed_positive","manual_positive_6_10_unique_predictions","TRUE","user_confirmed_suspicious_domains_result_6_10_unique_candidates_as_positive"
"my-google.co.uk","google.co.ke","1","confirmed_positive","manual_positive_6_10_unique_predictions","TRUE","user_confirmed_suspicious_domains_result_6_10_unique_candidates_as_positive"
"my-google.co.uk","google.co.jp","1","confirmed_positive","manual_positive_6_10_unique_predictions","TRUE","user_confirmed_suspicious_domains_result_6_10_unique_candidates_as_positive"
"my-google.co.uk","google.co.in","1","confirmed_positive","manual_positive_6_10_unique_predictions","TRUE","user_confirmed_suspicious_domains_result_6_10_unique_candidates_as_positive"
"my-google.co.uk","google.co.bw","1","confirmed_positive","manual_positive_6_10_unique_predictions","TRUE","user_confirmed_suspicious_domains_result_6_10_unique_candidates_as_positive"
"my-google.co.uk","google.ba","1","confirmed_positive","manual_positive_6_10_unique_predictions","TRUE","user_confirmed_suspicious_domains_result_6_10_unique_candidates_as_positive"
"my-google.co.uk","google.be","1","confirmed_positive","manual_positive_6_10_unique_predictions","TRUE","user_confirmed_suspicious_domains_result_6_10_unique_candidates_as_positive"
"my-google.co.uk","google.as","1","confirmed_positive","manual_positive_6_10_unique_predictions","TRUE","user_confirmed_suspicious_domains_result_6_10_unique_candidates_as_positive"
"my-google.co.uk","google.am","1","confirmed_positive","manual_positive_6_10_unique_predictions","TRUE","user_confirmed_suspicious_domains_result_6_10_unique_candidates_as_positive"
"my-google.co.uk","google.co.ao","1","confirmed_positive","manual_positive_6_10_unique_predictions","TRUE","user_confirmed_suspicious_domains_result_6_10_unique_candidates_as_positive"
"my-google.co.uk","google.cn","1","confirmed_positive","manual_positive_6_10_unique_predictions","TRUE","user_confirmed_suspicious_domains_result_6_10_unique_candidates_as_positive"
"my-google.co.uk","google.cm","1","confirmed_positive","manual_positive_6_10_unique_predictions","TRUE","user_confirmed_suspicious_domains_result_6_10_unique_candidates_as_positive"
"my-google.co.uk","google.cl","1","confirmed_positive","manual_positive_6_10_unique_predictions","TRUE","user_confirmed_suspicious_domains_result_6_10_unique_candidates_as_positive"
"my-google.co.uk","google.ci","1","confirmed_positive","manual_positive_6_10_unique_predictions","TRUE","user_confirmed_suspicious_domains_result_6_10_unique_candidates_as_positive"
"my-google.co.uk","google.ch","1","confirmed_positive","manual_positive_6_10_unique_predictions","TRUE","user_confirmed_suspicious_domains_result_6_10_unique_candidates_as_positive"
"my-google.co.uk","google.cg","1","confirmed_positive","manual_positive_6_10_unique_predictions","TRUE","user_confirmed_suspicious_domains_result_6_10_unique_candidates_as_positive"
"my-google.co.uk","google.co.kr","1","confirmed_positive","manual_positive_6_10_unique_predictions","TRUE","user_confirmed_suspicious_domains_result_6_10_unique_candidates_as_positive"
"my-google.co.uk","google.cf","1","confirmed_positive","manual_positive_6_10_unique_predictions","TRUE","user_confirmed_suspicious_domains_result_6_10_unique_candidates_as_positive"
"my-google.co.uk","google.co.ls","1","confirmed_positive","manual_positive_6_10_unique_predictions","TRUE","user_confirmed_suspicious_domains_result_6_10_unique_candidates_as_positive"
"my-google.co.uk","google.co.mz","1","confirmed_positive","manual_positive_6_10_unique_predictions","TRUE","user_confirmed_suspicious_domains_result_6_10_unique_candidates_as_positive"
"my-google.co.uk","google.co.ck","1","confirmed_positive","manual_positive_6_10_unique_predictions","TRUE","user_confirmed_suspicious_domains_result_6_10_unique_candidates_as_positive"
"my-google.co.uk","google.co.cr","1","confirmed_positive","manual_positive_6_10_unique_predictions","TRUE","user_confirmed_suspicious_domains_result_6_10_unique_candidates_as_positive"
"my-google.co.uk","google.co.tz","1","confirmed_positive","manual_positive_6_10_unique_predictions","TRUE","user_confirmed_suspicious_domains_result_6_10_unique_candidates_as_positive"
"my-google.co.uk","google.com.af","1","confirmed_positive","manual_positive_6_10_unique_predictions","TRUE","user_confirmed_suspicious_domains_result_6_10_unique_candidates_as_positive"
"my-google.co.uk","google.com","1","confirmed_positive","manual_positive_6_10_unique_predictions","TRUE","user_confirmed_suspicious_domains_result_6_10_unique_candidates_as_positive"
"my-google.co.uk","google.co.zw","1","confirmed_positive","manual_positive_6_10_unique_predictions","TRUE","user_confirmed_suspicious_domains_result_6_10_unique_candidates_as_positive"
"my-google.co.uk","google.co.zm","1","confirmed_positive","manual_positive_6_10_unique_predictions","TRUE","user_confirmed_suspicious_domains_result_6_10_unique_candidates_as_positive"
"my-google.co.uk","google.co.za","1","confirmed_positive","manual_positive_6_10_unique_predictions","TRUE","user_confirmed_suspicious_domains_result_6_10_unique_candidates_as_positive"
"my-google.co.uk","google.co.vi","1","confirmed_positive","manual_positive_6_10_unique_predictions","TRUE","user_confirmed_suspicious_domains_result_6_10_unique_candidates_as_positive"
"my-google.co.uk","google.co.ve","1","confirmed_positive","manual_positive_6_10_unique_predictions","TRUE","user_confirmed_suspicious_domains_result_6_10_unique_candidates_as_positive"
"my-google.co.uk","google.co.uz","1","confirmed_positive","manual_positive_6_10_unique_predictions","TRUE","user_confirmed_suspicious_domains_result_6_10_unique_candidates_as_positive"
"my-google.co.uk","google.co.ug","1","confirmed_positive","manual_positive_6_10_unique_predictions","TRUE","user_confirmed_suspicious_domains_result_6_10_unique_candidates_as_positive"
"my-google.co.uk","google.co.th","1","confirmed_positive","manual_positive_6_10_unique_predictions","TRUE","user_confirmed_suspicious_domains_result_6_10_unique_candidates_as_positive"
"g00gle.win","google.co.za","1","confirmed_positive","manual_positive_6_10_unique_predictions","TRUE","user_confirmed_suspicious_domains_result_6_10_unique_candidates_as_positive"
"my-google.co.uk","google.co.nz","1","confirmed_positive","manual_positive_6_10_unique_predictions","TRUE","user_confirmed_suspicious_domains_result_6_10_unique_candidates_as_positive"
"my-google.co.uk","google.co.ma","1","confirmed_positive","manual_positive_6_10_unique_predictions","TRUE","user_confirmed_suspicious_domains_result_6_10_unique_candidates_as_positive"
"my-google.co.uk","google.cd","1","confirmed_positive","manual_positive_6_10_unique_predictions","TRUE","user_confirmed_suspicious_domains_result_6_10_unique_candidates_as_positive"
"my-google.co.uk","google.co.id","1","confirmed_positive","manual_positive_6_10_unique_predictions","TRUE","user_confirmed_suspicious_domains_result_6_10_unique_candidates_as_positive"
"my-google.co.uk","google.ca","1","confirmed_positive","manual_positive_6_10_unique_predictions","TRUE","user_confirmed_suspicious_domains_result_6_10_unique_candidates_as_positive"
"g00gle.win","google.as","1","confirmed_positive","manual_positive_6_10_unique_predictions","TRUE","user_confirmed_suspicious_domains_result_6_10_unique_candidates_as_positive"
"g00gle.win","google.at","1","confirmed_positive","manual_positive_6_10_unique_predictions","TRUE","user_confirmed_suspicious_domains_result_6_10_unique_candidates_as_positive"
"g00gle.win","google.az","1","confirmed_positive","manual_positive_6_10_unique_predictions","TRUE","user_confirmed_suspicious_domains_result_6_10_unique_candidates_as_positive"
"g00gle.win","google.ba","1","confirmed_positive","manual_positive_6_10_unique_predictions","TRUE","user_confirmed_suspicious_domains_result_6_10_unique_candidates_as_positive"
"g00gle.win","google.be","1","confirmed_positive","manual_positive_6_10_unique_predictions","TRUE","user_confirmed_suspicious_domains_result_6_10_unique_candidates_as_positive"
"g00gle.win","google.bg","1","confirmed_positive","manual_positive_6_10_unique_predictions","TRUE","user_confirmed_suspicious_domains_result_6_10_unique_candidates_as_positive"
"g00gle.win","google.bi","1","confirmed_positive","manual_positive_6_10_unique_predictions","TRUE","user_confirmed_suspicious_domains_result_6_10_unique_candidates_as_positive"
"g00gle.win","google.bs","1","confirmed_positive","manual_positive_6_10_unique_predictions","TRUE","user_confirmed_suspicious_domains_result_6_10_unique_candidates_as_positive"
"g00gle.win","google.bt","1","confirmed_positive","manual_positive_6_10_unique_predictions","TRUE","user_confirmed_suspicious_domains_result_6_10_unique_candidates_as_positive"
"g00gle.win","google.by","1","confirmed_positive","manual_positive_6_10_unique_predictions","TRUE","user_confirmed_suspicious_domains_result_6_10_unique_candidates_as_positive"
"g00gle.win","google.ca","1","confirmed_positive","manual_positive_6_10_unique_predictions","TRUE","user_confirmed_suspicious_domains_result_6_10_unique_candidates_as_positive"
"g00gle.win","google.cat","1","confirmed_positive","manual_positive_6_10_unique_predictions","TRUE","user_confirmed_suspicious_domains_result_6_10_unique_candidates_as_positive"
"g00gle.win","google.cd","1","confirmed_positive","manual_positive_6_10_unique_predictions","TRUE","user_confirmed_suspicious_domains_result_6_10_unique_candidates_as_positive"
"g00gle.win","google.cf","1","confirmed_positive","manual_positive_6_10_unique_predictions","TRUE","user_confirmed_suspicious_domains_result_6_10_unique_candidates_as_positive"
"my-google.co.uk","google.cat","1","confirmed_positive","manual_positive_6_10_unique_predictions","TRUE","user_confirmed_suspicious_domains_result_6_10_unique_candidates_as_positive"
"g00gle.win","google.am","1","confirmed_positive","manual_positive_6_10_unique_predictions","TRUE","user_confirmed_suspicious_domains_result_6_10_unique_candidates_as_positive"
"g00gle.win","google.al","1","confirmed_positive","manual_positive_6_10_unique_predictions","TRUE","user_confirmed_suspicious_domains_result_6_10_unique_candidates_as_positive"
"g00gle.win","google.bj","1","confirmed_positive","manual_positive_6_10_unique_predictions","TRUE","user_confirmed_suspicious_domains_result_6_10_unique_candidates_as_positive"
"g00gle.win","google.ac","1","confirmed_positive","manual_positive_6_10_unique_predictions","TRUE","user_confirmed_suspicious_domains_result_6_10_unique_candidates_as_positive"
"my-google.co.uk","google.by","1","confirmed_positive","manual_positive_6_10_unique_predictions","TRUE","user_confirmed_suspicious_domains_result_6_10_unique_candidates_as_positive"
"g00gle.win","google.ae","1","confirmed_positive","manual_positive_6_10_unique_predictions","TRUE","user_confirmed_suspicious_domains_result_6_10_unique_candidates_as_positive"
"my-google.co.uk","google.bt","1","confirmed_positive","manual_positive_6_10_unique_predictions","TRUE","user_confirmed_suspicious_domains_result_6_10_unique_candidates_as_positive"
"my-google.co.uk","google.bs","1","confirmed_positive","manual_positive_6_10_unique_predictions","TRUE","user_confirmed_suspicious_domains_result_6_10_unique_candidates_as_positive"
"my-google.co.uk","google.bj","1","confirmed_positive","manual_positive_6_10_unique_predictions","TRUE","user_confirmed_suspicious_domains_result_6_10_unique_candidates_as_positive"
"my-google.co.uk","google.bi","1","confirmed_positive","manual_positive_6_10_unique_predictions","TRUE","user_confirmed_suspicious_domains_result_6_10_unique_candidates_as_positive"
"my-google.co.uk","google.bf","1","confirmed_positive","manual_positive_6_10_unique_predictions","TRUE","user_confirmed_suspicious_domains_result_6_10_unique_candidates_as_positive"
"fgmail.xyz","gmail.com","1","confirmed_positive","manual_positive_6_10_unique_predictions","TRUE","user_confirmed_suspicious_domains_result_6_10_unique_candidates_as_positive"
"my-google.co.uk","google.bg","1","confirmed_positive","manual_positive_6_10_unique_predictions","TRUE","user_confirmed_suspicious_domains_result_6_10_unique_candidates_as_positive"
"tiktok.cloud","tiktokw.eu","1","confirmed_positive","manual_positive_6_10_unique_predictions","TRUE","user_confirmed_suspicious_domains_result_6_10_unique_candidates_as_positive"
"tiktok.cloud","tiktokw.us","1","confirmed_positive","manual_positive_6_10_unique_predictions","TRUE","user_confirmed_suspicious_domains_result_6_10_unique_candidates_as_positive"
"steamcommunity.bet","steamcommunity.com","1","confirmed_positive","manual_positive_6_10_unique_predictions","TRUE","user_confirmed_suspicious_domains_result_6_10_unique_candidates_as_positive"
"tiktok.cloud","tiktok.com","1","confirmed_positive","manual_positive_6_10_unique_predictions","TRUE","user_confirmed_suspicious_domains_result_6_10_unique_candidates_as_positive"
"steamcommunity.online","steamcommunity.com","1","confirmed_positive","manual_positive_6_10_unique_predictions","TRUE","user_confirmed_suspicious_domains_result_6_10_unique_candidates_as_positive"
"g00gle.win","google.ch","1","confirmed_positive","manual_positive_6_10_unique_predictions","TRUE","user_confirmed_suspicious_domains_result_6_10_unique_candidates_as_positive"
"chrome-google.online","google.ne","1","confirmed_positive","manual_positive_6_10_active_learning","TRUE","user_confirmed_active_learning_6_10_review_candidates_as_positive"
"chrome-google.online","google.pn","1","confirmed_positive","manual_positive_6_10_active_learning","TRUE","user_confirmed_active_learning_6_10_review_candidates_as_positive"
"chrome-google.online","google.org","1","confirmed_positive","manual_positive_6_10_active_learning","TRUE","user_confirmed_active_learning_6_10_review_candidates_as_positive"
"chrome-google.online","google.nu","1","confirmed_positive","manual_positive_6_10_active_learning","TRUE","user_confirmed_active_learning_6_10_review_candidates_as_positive"
"chrome-google.online","google.ps","1","confirmed_positive","manual_positive_6_10_active_learning","TRUE","user_confirmed_active_learning_6_10_review_candidates_as_positive"
"chrome-google.online","google.nr","1","confirmed_positive","manual_positive_6_10_active_learning","TRUE","user_confirmed_active_learning_6_10_review_candidates_as_positive"
"chrome-google.online","google.no","1","confirmed_positive","manual_positive_6_10_active_learning","TRUE","user_confirmed_active_learning_6_10_review_candidates_as_positive"
"chrome-google.online","google.nl","1","confirmed_positive","manual_positive_6_10_active_learning","TRUE","user_confirmed_active_learning_6_10_review_candidates_as_positive"
"chrome-google.online","google.pl","1","confirmed_positive","manual_positive_6_10_active_learning","TRUE","user_confirmed_active_learning_6_10_review_candidates_as_positive"
"chrome-google.online","google.mw","1","confirmed_positive","manual_positive_6_10_active_learning","TRUE","user_confirmed_active_learning_6_10_review_candidates_as_positive"
"chrome-google.online","google.mg","1","confirmed_positive","manual_positive_6_10_active_learning","TRUE","user_confirmed_active_learning_6_10_review_candidates_as_positive"
"chrome-google.online","google.mu","1","confirmed_positive","manual_positive_6_10_active_learning","TRUE","user_confirmed_active_learning_6_10_review_candidates_as_positive"
"chrome-google.online","google.ms","1","confirmed_positive","manual_positive_6_10_active_learning","TRUE","user_confirmed_active_learning_6_10_review_candidates_as_positive"
"chrome-google.online","google.mn","1","confirmed_positive","manual_positive_6_10_active_learning","TRUE","user_confirmed_active_learning_6_10_review_candidates_as_positive"
"chrome-google.online","google.ml","1","confirmed_positive","manual_positive_6_10_active_learning","TRUE","user_confirmed_active_learning_6_10_review_candidates_as_positive"
"chrome-google.online","google.mk","1","confirmed_positive","manual_positive_6_10_active_learning","TRUE","user_confirmed_active_learning_6_10_review_candidates_as_positive"
"chrome-google.online","google.me","1","confirmed_positive","manual_positive_6_10_active_learning","TRUE","user_confirmed_active_learning_6_10_review_candidates_as_positive"
"chrome-google.online","google.md","1","confirmed_positive","manual_positive_6_10_active_learning","TRUE","user_confirmed_active_learning_6_10_review_candidates_as_positive"
"chrome-google.online","google.pt","1","confirmed_positive","manual_positive_6_10_active_learning","TRUE","user_confirmed_active_learning_6_10_review_candidates_as_positive"
"chrome-google.online","google.lu","1","confirmed_positive","manual_positive_6_10_active_learning","TRUE","user_confirmed_active_learning_6_10_review_candidates_as_positive"
"chrome-google.online","google.lv","1","confirmed_positive","manual_positive_6_10_active_learning","TRUE","user_confirmed_active_learning_6_10_review_candidates_as_positive"
"chrome-google.online","google.mv","1","confirmed_positive","manual_positive_6_10_active_learning","TRUE","user_confirmed_active_learning_6_10_review_candidates_as_positive"
"chrome-google.online","google.ro","1","confirmed_positive","manual_positive_6_10_active_learning","TRUE","user_confirmed_active_learning_6_10_review_candidates_as_positive"
"chrome-google.online","google.tm","1","confirmed_positive","manual_positive_6_10_active_learning","TRUE","user_confirmed_active_learning_6_10_review_candidates_as_positive"
"chrome-google.online","google.ru","1","confirmed_positive","manual_positive_6_10_active_learning","TRUE","user_confirmed_active_learning_6_10_review_candidates_as_positive"
"chrome-google.online","google.lk","1","confirmed_positive","manual_positive_6_10_active_learning","TRUE","user_confirmed_active_learning_6_10_review_candidates_as_positive"
"chrome-google.online","google.ws","1","confirmed_positive","manual_positive_6_10_active_learning","TRUE","user_confirmed_active_learning_6_10_review_candidates_as_positive"
"chrome-google.online","google.vg","1","confirmed_positive","manual_positive_6_10_active_learning","TRUE","user_confirmed_active_learning_6_10_review_candidates_as_positive"
"chrome-google.online","google.us","1","confirmed_positive","manual_positive_6_10_active_learning","TRUE","user_confirmed_active_learning_6_10_review_candidates_as_positive"
"chrome-google.online","google.tt","1","confirmed_positive","manual_positive_6_10_active_learning","TRUE","user_confirmed_active_learning_6_10_review_candidates_as_positive"
"chrome-google.online","google.to","1","confirmed_positive","manual_positive_6_10_active_learning","TRUE","user_confirmed_active_learning_6_10_review_candidates_as_positive"
"chrome-google.online","google.tn","1","confirmed_positive","manual_positive_6_10_active_learning","TRUE","user_confirmed_active_learning_6_10_review_candidates_as_positive"
"chrome-google.online","google.tl","1","confirmed_positive","manual_positive_6_10_active_learning","TRUE","user_confirmed_active_learning_6_10_review_candidates_as_positive"
"chrome-google.online","google.tk","1","confirmed_positive","manual_positive_6_10_active_learning","TRUE","user_confirmed_active_learning_6_10_review_candidates_as_positive"
"chrome-google.online","google.tg","1","confirmed_positive","manual_positive_6_10_active_learning","TRUE","user_confirmed_active_learning_6_10_review_candidates_as_positive"
"chrome-google.online","google.rs","1","confirmed_positive","manual_positive_6_10_active_learning","TRUE","user_confirmed_active_learning_6_10_review_candidates_as_positive"
"chrome-google.online","google.td","1","confirmed_positive","manual_positive_6_10_active_learning","TRUE","user_confirmed_active_learning_6_10_review_candidates_as_positive"
"chrome-google.online","google.sr","1","confirmed_positive","manual_positive_6_10_active_learning","TRUE","user_confirmed_active_learning_6_10_review_candidates_as_positive"
"chrome-google.online","google.so","1","confirmed_positive","manual_positive_6_10_active_learning","TRUE","user_confirmed_active_learning_6_10_review_candidates_as_positive"
"chrome-google.online","google.sn","1","confirmed_positive","manual_positive_6_10_active_learning","TRUE","user_confirmed_active_learning_6_10_review_candidates_as_positive"
"chrome-google.online","google.sm","1","confirmed_positive","manual_positive_6_10_active_learning","TRUE","user_confirmed_active_learning_6_10_review_candidates_as_positive"
"chrome-google.online","google.sk","1","confirmed_positive","manual_positive_6_10_active_learning","TRUE","user_confirmed_active_learning_6_10_review_candidates_as_positive"
"chrome-google.online","google.si","1","confirmed_positive","manual_positive_6_10_active_learning","TRUE","user_confirmed_active_learning_6_10_review_candidates_as_positive"
"chrome-google.online","google.sh","1","confirmed_positive","manual_positive_6_10_active_learning","TRUE","user_confirmed_active_learning_6_10_review_candidates_as_positive"
"chrome-google.online","google.se","1","confirmed_positive","manual_positive_6_10_active_learning","TRUE","user_confirmed_active_learning_6_10_review_candidates_as_positive"
"chrome-google.online","google.sc","1","confirmed_positive","manual_positive_6_10_active_learning","TRUE","user_confirmed_active_learning_6_10_review_candidates_as_positive"
"chrome-google.online","google.rw","1","confirmed_positive","manual_positive_6_10_active_learning","TRUE","user_confirmed_active_learning_6_10_review_candidates_as_positive"
"chrome-google.online","google.st","1","confirmed_positive","manual_positive_6_10_active_learning","TRUE","user_confirmed_active_learning_6_10_review_candidates_as_positive"
"chrome-google.online","google.li","1","confirmed_positive","manual_positive_6_10_active_learning","TRUE","user_confirmed_active_learning_6_10_review_candidates_as_positive"
"chrome-google.online","google.vu","1","confirmed_positive","manual_positive_6_10_active_learning","TRUE","user_confirmed_active_learning_6_10_review_candidates_as_positive"
"chrome-google.online","google.kz","1","confirmed_positive","manual_positive_6_10_active_learning","TRUE","user_confirmed_active_learning_6_10_review_candidates_as_positive"
"chrome-google.online","google.dm","1","confirmed_positive","manual_positive_6_10_active_learning","TRUE","user_confirmed_active_learning_6_10_review_candidates_as_positive"
"chrome-google.online","google.dk","1","confirmed_positive","manual_positive_6_10_active_learning","TRUE","user_confirmed_active_learning_6_10_review_candidates_as_positive"
"chrome-google.online","google.dj","1","confirmed_positive","manual_positive_6_10_active_learning","TRUE","user_confirmed_active_learning_6_10_review_candidates_as_positive"
"chrome-google.online","google.dev","1","confirmed_positive","manual_positive_6_10_active_learning","TRUE","user_confirmed_active_learning_6_10_review_candidates_as_positive"
"chrome-google.online","google.de","1","confirmed_positive","manual_positive_6_10_active_learning","TRUE","user_confirmed_active_learning_6_10_review_candidates_as_positive"
"chrome-google.online","google.cz","1","confirmed_positive","manual_positive_6_10_active_learning","TRUE","user_confirmed_active_learning_6_10_review_candidates_as_positive"
"chrome-google.online","google.cv","1","confirmed_positive","manual_positive_6_10_active_learning","TRUE","user_confirmed_active_learning_6_10_review_candidates_as_positive"
"chrome-google.online","google.com.vn","1","confirmed_positive","manual_positive_6_10_active_learning","TRUE","user_confirmed_active_learning_6_10_review_candidates_as_positive"
"chrome-google.online","google.com.vc","1","confirmed_positive","manual_positive_6_10_active_learning","TRUE","user_confirmed_active_learning_6_10_review_candidates_as_positive"
"chrome-google.online","google.com.uy","1","confirmed_positive","manual_positive_6_10_active_learning","TRUE","user_confirmed_active_learning_6_10_review_candidates_as_positive"
"chrome-google.online","google.dz","1","confirmed_positive","manual_positive_6_10_active_learning","TRUE","user_confirmed_active_learning_6_10_review_candidates_as_positive"
"chrome-google.online","google.com.ua","1","confirmed_positive","manual_positive_6_10_active_learning","TRUE","user_confirmed_active_learning_6_10_review_candidates_as_positive"
"chrome-google.online","google.com.tr","1","confirmed_positive","manual_positive_6_10_active_learning","TRUE","user_confirmed_active_learning_6_10_review_candidates_as_positive"
"chrome-google.online","google.com.tj","1","confirmed_positive","manual_positive_6_10_active_learning","TRUE","user_confirmed_active_learning_6_10_review_candidates_as_positive"
"chrome-google.online","google.com.sv","1","confirmed_positive","manual_positive_6_10_active_learning","TRUE","user_confirmed_active_learning_6_10_review_candidates_as_positive"
"chrome-google.online","google.com.sl","1","confirmed_positive","manual_positive_6_10_active_learning","TRUE","user_confirmed_active_learning_6_10_review_candidates_as_positive"
"chrome-google.online","google.com.sg","1","confirmed_positive","manual_positive_6_10_active_learning","TRUE","user_confirmed_active_learning_6_10_review_candidates_as_positive"
"chrome-google.online","google.com.sb","1","confirmed_positive","manual_positive_6_10_active_learning","TRUE","user_confirmed_active_learning_6_10_review_candidates_as_positive"
"chrome-google.online","google.co.za","1","confirmed_positive","manual_positive_6_10_active_learning","TRUE","user_confirmed_active_learning_6_10_review_candidates_as_positive"
"chrome-google.online","google.ad","1","confirmed_positive","manual_positive_6_10_active_learning","TRUE","user_confirmed_active_learning_6_10_review_candidates_as_positive"
"chrome-google.online","google.ac","1","confirmed_positive","manual_positive_6_10_active_learning","TRUE","user_confirmed_active_learning_6_10_review_candidates_as_positive"
"chrome-google.online","google.la","1","confirmed_positive","manual_positive_6_10_active_learning","TRUE","user_confirmed_active_learning_6_10_review_candidates_as_positive"
"chrome-google.online","google.com.tw","1","confirmed_positive","manual_positive_6_10_active_learning","TRUE","user_confirmed_active_learning_6_10_review_candidates_as_positive"
"chrome-google.online","google.ee","1","confirmed_positive","manual_positive_6_10_active_learning","TRUE","user_confirmed_active_learning_6_10_review_candidates_as_positive"
"watch-youtube.com","youtube.com","1","confirmed_positive","manual_positive_6_10_active_learning","TRUE","user_confirmed_active_learning_6_10_review_candidates_as_positive"
"chrome-google.online","google.fi","1","confirmed_positive","manual_positive_6_10_active_learning","TRUE","user_confirmed_active_learning_6_10_review_candidates_as_positive"
"chrome-google.online","google.es","1","confirmed_positive","manual_positive_6_10_active_learning","TRUE","user_confirmed_active_learning_6_10_review_candidates_as_positive"
"chrome-google.online","google.kg","1","confirmed_positive","manual_positive_6_10_active_learning","TRUE","user_confirmed_active_learning_6_10_review_candidates_as_positive"
"chrome-google.online","google.jo","1","confirmed_positive","manual_positive_6_10_active_learning","TRUE","user_confirmed_active_learning_6_10_review_candidates_as_positive"
"chrome-google.online","google.je","1","confirmed_positive","manual_positive_6_10_active_learning","TRUE","user_confirmed_active_learning_6_10_review_candidates_as_positive"
"chrome-google.online","google.it","1","confirmed_positive","manual_positive_6_10_active_learning","TRUE","user_confirmed_active_learning_6_10_review_candidates_as_positive"
"chrome-google.online","google.is","1","confirmed_positive","manual_positive_6_10_active_learning","TRUE","user_confirmed_active_learning_6_10_review_candidates_as_positive"
"chrome-google.online","google.iq","1","confirmed_positive","manual_positive_6_10_active_learning","TRUE","user_confirmed_active_learning_6_10_review_candidates_as_positive"
"chrome-google.online","google.im","1","confirmed_positive","manual_positive_6_10_active_learning","TRUE","user_confirmed_active_learning_6_10_review_candidates_as_positive"
"chrome-google.online","google.ie","1","confirmed_positive","manual_positive_6_10_active_learning","TRUE","user_confirmed_active_learning_6_10_review_candidates_as_positive"
"chrome-google.online","google.hu","1","confirmed_positive","manual_positive_6_10_active_learning","TRUE","user_confirmed_active_learning_6_10_review_candidates_as_positive"
"chrome-google.online","google.ht","1","confirmed_positive","manual_positive_6_10_active_learning","TRUE","user_confirmed_active_learning_6_10_review_candidates_as_positive"
"chrome-google.online","google.ki","1","confirmed_positive","manual_positive_6_10_active_learning","TRUE","user_confirmed_active_learning_6_10_review_candidates_as_positive"
"chrome-google.online","google.hn","1","confirmed_positive","manual_positive_6_10_active_learning","TRUE","user_confirmed_active_learning_6_10_review_candidates_as_positive"
"chrome-google.online","google.gy","1","confirmed_positive","manual_positive_6_10_active_learning","TRUE","user_confirmed_active_learning_6_10_review_candidates_as_positive"
"chrome-google.online","google.gr","1","confirmed_positive","manual_positive_6_10_active_learning","TRUE","user_confirmed_active_learning_6_10_review_candidates_as_positive"
"chrome-google.online","google.gp","1","confirmed_positive","manual_positive_6_10_active_learning","TRUE","user_confirmed_active_learning_6_10_review_candidates_as_positive"
"chrome-google.online","google.gm","1","confirmed_positive","manual_positive_6_10_active_learning","TRUE","user_confirmed_active_learning_6_10_review_candidates_as_positive"
"chrome-google.online","google.gl","1","confirmed_positive","manual_positive_6_10_active_learning","TRUE","user_confirmed_active_learning_6_10_review_candidates_as_positive"
"chrome-google.online","google.gg","1","confirmed_positive","manual_positive_6_10_active_learning","TRUE","user_confirmed_active_learning_6_10_review_candidates_as_positive"
"chrome-google.online","google.ge","1","confirmed_positive","manual_positive_6_10_active_learning","TRUE","user_confirmed_active_learning_6_10_review_candidates_as_positive"
"chrome-google.online","google.fr","1","confirmed_positive","manual_positive_6_10_active_learning","TRUE","user_confirmed_active_learning_6_10_review_candidates_as_positive"
"chrome-google.online","google.fm","1","confirmed_positive","manual_positive_6_10_active_learning","TRUE","user_confirmed_active_learning_6_10_review_candidates_as_positive"
"chrome-google.online","google.hr","1","confirmed_positive","manual_positive_6_10_active_learning","TRUE","user_confirmed_active_learning_6_10_review_candidates_as_positive"
"shaveease-official.online","arsenal.com","0","confirmed_false_positive","manual_review_previous_active_learning_labels","TRUE","user_confirmed_previous_review_candidates_existing_labels_are_correct"
"shopeecom-br.us.cc","shopee.com.br","0","confirmed_false_positive","manual_review_previous_active_learning_labels","TRUE","user_confirmed_previous_review_candidates_existing_labels_are_correct"
"sparda-bank-arena.info","beta-bank.ru","0","confirmed_false_positive","manual_review_previous_active_learning_labels","TRUE","user_confirmed_previous_review_candidates_existing_labels_are_correct"
"union-service.info","uni-mannheim.de","0","confirmed_false_positive","manual_review_previous_active_learning_labels","TRUE","user_confirmed_previous_review_candidates_existing_labels_are_correct"
"therohatyngroup.eu.cc","xiangyu-group.com","0","confirmed_false_positive","manual_review_previous_active_learning_labels","TRUE","user_confirmed_previous_review_candidates_existing_labels_are_correct"
"union-service.info","uni-bielefeld.de","0","confirmed_false_positive","manual_review_previous_active_learning_labels","TRUE","user_confirmed_previous_review_candidates_existing_labels_are_correct"
"union-service.info","uni-giessen.de","0","confirmed_false_positive","manual_review_previous_active_learning_labels","TRUE","user_confirmed_previous_review_candidates_existing_labels_are_correct"
"sparda-bank-arena.info","stlouisfed.org","0","confirmed_false_positive","manual_review_previous_active_learning_labels","TRUE","user_confirmed_previous_review_candidates_existing_labels_are_correct"
"service-securite.online","sec.com.cn","0","confirmed_false_positive","manual_review_previous_active_learning_labels","TRUE","user_confirmed_previous_review_candidates_existing_labels_are_correct"
"portal-flarefoundation.xyz","rta.hebei.gov.cn","0","confirmed_false_positive","manual_review_previous_active_learning_labels","TRUE","user_confirmed_previous_review_candidates_existing_labels_are_correct"
"recruitment-support.online","recruit.co.jp","0","confirmed_false_positive","manual_review_previous_active_learning_labels","TRUE","user_confirmed_previous_review_candidates_existing_labels_are_correct"
"proof-of-payment.xyz","pro.xiaohongshu.com","0","confirmed_false_positive","manual_review_previous_active_learning_labels","TRUE","user_confirmed_previous_review_candidates_existing_labels_are_correct"
"portal-marinha.online","rta.hebei.gov.cn","0","confirmed_false_positive","manual_review_previous_active_learning_labels","TRUE","user_confirmed_previous_review_candidates_existing_labels_are_correct"
"portal-flarefoundation.xyz","poetryfoundation.org","0","confirmed_false_positive","manual_review_previous_active_learning_labels","TRUE","user_confirmed_previous_review_candidates_existing_labels_are_correct"
"portal-flarefoundation.xyz","ellenmacarthurfoundation.org","0","confirmed_false_positive","manual_review_previous_active_learning_labels","TRUE","user_confirmed_previous_review_candidates_existing_labels_are_correct"
"portal-flarefoundation.xyz","eff.org","0","confirmed_false_positive","manual_review_previous_active_learning_labels","TRUE","user_confirmed_previous_review_candidates_existing_labels_are_correct"
"portal-beneficios.click","rta.hebei.gov.cn","0","confirmed_false_positive","manual_review_previous_active_learning_labels","TRUE","user_confirmed_previous_review_candidates_existing_labels_are_correct"
"portal-barcarena.xyz","rta.hebei.gov.cn","0","confirmed_false_positive","manual_review_previous_active_learning_labels","TRUE","user_confirmed_previous_review_candidates_existing_labels_are_correct"
"portal-barcarena.xyz","enterprise.com","0","confirmed_false_positive","manual_review_previous_active_learning_labels","TRUE","user_confirmed_previous_review_candidates_existing_labels_are_correct"
"union-service.info","uni-wuerzburg.de","0","confirmed_false_positive","manual_review_previous_active_learning_labels","TRUE","user_confirmed_previous_review_candidates_existing_labels_are_correct"
"release-payment-45758568.shop","de-ele.com","0","confirmed_false_positive","manual_review_previous_active_learning_labels","TRUE","user_confirmed_previous_review_candidates_existing_labels_are_correct"
"playamocasinos-official.click","vulkan-spiele-casino.com","0","confirmed_false_positive","manual_review_previous_active_learning_labels","TRUE","user_confirmed_previous_review_candidates_existing_labels_are_correct"
"fidelity-identity-security.info","politiken.dk","0","confirmed_false_positive","manual_review_previous_active_learning_labels","TRUE","user_confirmed_previous_review_candidates_existing_labels_are_correct"
"wifiboostpro-official.shop","arsenal.com","0","confirmed_false_positive","manual_review_previous_active_learning_labels","TRUE","user_confirmed_previous_review_candidates_existing_labels_are_correct"
"playamocasinos-official.click","sizzling-hot-play.com","0","confirmed_false_positive","manual_review_previous_active_learning_labels","TRUE","user_confirmed_previous_review_candidates_existing_labels_are_correct"
"com-pay-id.online","files.com","0","confirmed_false_positive","manual_review_previous_active_learning_labels","TRUE","user_confirmed_previous_review_candidates_existing_labels_are_correct"
"vester-security.vip","talon-sec.com","0","confirmed_false_positive","manual_review_previous_active_learning_labels","TRUE","user_confirmed_previous_review_candidates_existing_labels_are_correct"
"vester-security.vip","dhs.gov","0","confirmed_false_positive","manual_review_previous_active_learning_labels","TRUE","user_confirmed_previous_review_candidates_existing_labels_are_correct"
"verify-sale-securely45856432.click","sec.com.cn","0","confirmed_false_positive","manual_review_previous_active_learning_labels","TRUE","user_confirmed_previous_review_candidates_existing_labels_are_correct"
"security-password.info","talon-sec.com","0","confirmed_false_positive","manual_review_previous_active_learning_labels","TRUE","user_confirmed_previous_review_candidates_existing_labels_are_correct"
"security-password.info","dhs.gov","0","confirmed_false_positive","manual_review_previous_active_learning_labels","TRUE","user_confirmed_previous_review_candidates_existing_labels_are_correct"
"security-no-reply.online","dhs.gov","0","confirmed_false_positive","manual_review_previous_active_learning_labels","TRUE","user_confirmed_previous_review_candidates_existing_labels_are_correct"
"secure-official.shop","talon-sec.com","0","confirmed_false_positive","manual_review_previous_active_learning_labels","TRUE","user_confirmed_previous_review_candidates_existing_labels_are_correct"
"nbc-secure.info","talon-sec.com","0","confirmed_false_positive","manual_review_previous_active_learning_labels","TRUE","user_confirmed_previous_review_candidates_existing_labels_are_correct"
"jojobet-aktif-login.icu","mr-bet.ca","0","confirmed_false_positive","manual_review_previous_active_learning_labels","TRUE","user_confirmed_previous_review_candidates_existing_labels_are_correct"
"holiganbet-guncel-login.icu","ligamx.net","0","confirmed_false_positive","manual_review_previous_active_learning_labels","TRUE","user_confirmed_previous_review_candidates_existing_labels_are_correct"
"fidelity-identity-security.info","talon-sec.com","0","confirmed_false_positive","manual_review_previous_active_learning_labels","TRUE","user_confirmed_previous_review_candidates_existing_labels_are_correct"
"fidelity-identity-security.info","dhs.gov","0","confirmed_false_positive","manual_review_previous_active_learning_labels","TRUE","user_confirmed_previous_review_candidates_existing_labels_are_correct"
"yandor-mail.xyz","superhuman.com","0","confirmed_false_positive","manual_review_previous_active_learning_labels","TRUE","user_confirmed_previous_review_candidates_existing_labels_are_correct"
"yandor-mail.xyz","nist.gov","0","confirmed_false_positive","manual_review_previous_active_learning_labels","TRUE","user_confirmed_previous_review_candidates_existing_labels_are_correct"
"yandor-mail.xyz","homesandgardens.com","0","confirmed_false_positive","manual_review_previous_active_learning_labels","TRUE","user_confirmed_previous_review_candidates_existing_labels_are_correct"
"yandor-mail.xyz","discoverwildlife.com","0","confirmed_false_positive","manual_review_previous_active_learning_labels","TRUE","user_confirmed_previous_review_candidates_existing_labels_are_correct"
"yandor-mail.xyz","coindesk.com","0","confirmed_false_positive","manual_review_previous_active_learning_labels","TRUE","user_confirmed_previous_review_candidates_existing_labels_are_correct"
"wifiboostpro-official.shop","pro.xiaohongshu.com","0","confirmed_false_positive","manual_review_previous_active_learning_labels","TRUE","user_confirmed_previous_review_candidates_existing_labels_are_correct"
"wifiboostpro-official.shop","boost.org","0","confirmed_false_positive","manual_review_previous_active_learning_labels","TRUE","user_confirmed_previous_review_candidates_existing_labels_are_correct"
"wane-service.online","wan-peng.com","0","confirmed_false_positive","manual_review_previous_active_learning_labels","TRUE","user_confirmed_previous_review_candidates_existing_labels_are_correct"
"playamocasinos-official.click","oscar-spin-casino.org","0","confirmed_false_positive","manual_review_previous_active_learning_labels","TRUE","user_confirmed_previous_review_candidates_existing_labels_are_correct"
"holiganbet-guncel-login.icu","mr-bet.ca","0","confirmed_false_positive","manual_review_previous_active_learning_labels","TRUE","user_confirmed_previous_review_candidates_existing_labels_are_correct"
"playamocasinos-official.click","hitnspin-casino.org","0","confirmed_false_positive","manual_review_previous_active_learning_labels","TRUE","user_confirmed_previous_review_candidates_existing_labels_are_correct"
"yanaba-official.online","arsenal.com","0","confirmed_false_positive","manual_review_previous_active_learning_labels","TRUE","user_confirmed_previous_review_candidates_existing_labels_are_correct"
"wifiboostpro-official.shop","takarakuji-official.jp","0","confirmed_false_positive","manual_review_previous_active_learning_labels","TRUE","user_confirmed_previous_review_candidates_existing_labels_are_correct"
"union-service.info","uni-graz.at","0","confirmed_false_positive","manual_review_previous_active_learning_labels","TRUE","user_confirmed_previous_review_candidates_existing_labels_are_correct"
"therohatyngroup.eu.cc","samsung.com","0","confirmed_false_positive","manual_review_previous_active_learning_labels","TRUE","user_confirmed_previous_review_candidates_existing_labels_are_correct"
"playamocasinos-official.click","usta.com","0","confirmed_false_positive","manual_review_previous_active_learning_labels","TRUE","user_confirmed_previous_review_candidates_existing_labels_are_correct"
"official-swatch-omega.store","takarakuji-official.jp","0","confirmed_false_positive","manual_review_previous_active_learning_labels","TRUE","user_confirmed_previous_review_candidates_existing_labels_are_correct"
"official-swatch-omega.site","takarakuji-official.jp","0","confirmed_false_positive","manual_review_previous_active_learning_labels","TRUE","user_confirmed_previous_review_candidates_existing_labels_are_correct"
"juragan88-official.site","arsenal.com","0","confirmed_false_positive","manual_review_previous_active_learning_labels","TRUE","user_confirmed_previous_review_candidates_existing_labels_are_correct"
"games-official-03.store","takarakuji-official.jp","0","confirmed_false_positive","manual_review_previous_active_learning_labels","TRUE","user_confirmed_previous_review_candidates_existing_labels_are_correct"
"coreglp-official.store","arsenal.com","0","confirmed_false_positive","manual_review_previous_active_learning_labels","TRUE","user_confirmed_previous_review_candidates_existing_labels_are_correct"
"astonclub-official.online","business.site","0","confirmed_false_positive","manual_review_previous_active_learning_labels","TRUE","user_confirmed_previous_review_candidates_existing_labels_are_correct"
"astonclub-official.online","arsenal.com","0","confirmed_false_positive","manual_review_previous_active_learning_labels","TRUE","user_confirmed_previous_review_candidates_existing_labels_are_correct"
"amendesd-justice-gov.eu.cc","justice.hainan.gov.cn","0","confirmed_false_positive","manual_review_previous_active_learning_labels","TRUE","user_confirmed_previous_review_candidates_existing_labels_are_correct"
"secure-official.shop","sec.com.cn","0","confirmed_false_positive","manual_review_previous_active_learning_labels","TRUE","user_confirmed_previous_review_candidates_existing_labels_are_correct"
"lnstagram-recover.link","amr.yn.gov.cn","0","confirmed_false_positive","manual_review_previous_active_learning_labels","TRUE","user_confirmed_previous_review_candidates_existing_labels_are_correct"
"lnstagram-recover.link","amr.xizang.gov.cn","0","confirmed_false_positive","manual_review_previous_active_learning_labels","TRUE","user_confirmed_previous_review_candidates_existing_labels_are_correct"
"release-payment-45758568.shop","epay.163.com","0","confirmed_false_positive","manual_review_previous_active_learning_labels","TRUE","user_confirmed_previous_review_candidates_existing_labels_are_correct"
"my-sharepoint-portal-server-access.site","grafana.com","0","confirmed_false_positive","manual_review_previous_active_learning_labels","TRUE","user_confirmed_previous_review_candidates_existing_labels_are_correct"
"com-pay-id.online","mpa.yn.gov.cn","0","confirmed_false_positive","manual_review_previous_active_learning_labels","TRUE","user_confirmed_previous_review_candidates_existing_labels_are_correct"
"com-pay-id.online","mpa.shandong.gov.cn","0","confirmed_false_positive","manual_review_previous_active_learning_labels","TRUE","user_confirmed_previous_review_candidates_existing_labels_are_correct"
"fidelity-identity-security.info","lit.edu.cn","0","confirmed_false_positive","manual_review_previous_active_learning_labels","TRUE","user_confirmed_previous_review_candidates_existing_labels_are_correct"
"playamocasinos-official.click","joga-casino.com","0","confirmed_false_positive","manual_review_previous_active_learning_labels","TRUE","user_confirmed_previous_review_candidates_existing_labels_are_correct"
"fidelity-identity-security.info","sec.com.cn","0","confirmed_false_positive","manual_review_previous_active_learning_labels","TRUE","user_confirmed_previous_review_candidates_existing_labels_are_correct"
"nbc-secure.info","sec.com.cn","0","confirmed_false_positive","manual_review_previous_active_learning_labels","TRUE","user_confirmed_previous_review_candidates_existing_labels_are_correct"
"playamocasinos-official.click","casino-mit-gewinnchance.de","0","confirmed_false_positive","manual_review_previous_active_learning_labels","TRUE","user_confirmed_previous_review_candidates_existing_labels_are_correct"
"playamocasinos-official.click","arsenal.com","0","confirmed_false_positive","manual_review_previous_active_learning_labels","TRUE","user_confirmed_previous_review_candidates_existing_labels_are_correct"
"official-swatch-omega.store","arsenal.com","0","confirmed_false_positive","manual_review_previous_active_learning_labels","TRUE","user_confirmed_previous_review_candidates_existing_labels_are_correct"
"official-swatch-omega.site","arsenal.com","0","confirmed_false_positive","manual_review_previous_active_learning_labels","TRUE","user_confirmed_previous_review_candidates_existing_labels_are_correct"
"notifichedigitali.eu.cc","relevant-digital.com","0","confirmed_false_positive","manual_review_previous_active_learning_labels","TRUE","user_confirmed_previous_review_candidates_existing_labels_are_correct"
"my-sharepoint-portal-server-access.site","rta.hebei.gov.cn","0","confirmed_false_positive","manual_review_previous_active_learning_labels","TRUE","user_confirmed_previous_review_candidates_existing_labels_are_correct"
"my-sharepoint-portal-server-access.site","ci-servers.net","0","confirmed_false_positive","manual_review_previous_active_learning_labels","TRUE","user_confirmed_previous_review_candidates_existing_labels_are_correct"
"games-official-03.store","ib-game.jp","0","confirmed_false_positive","manual_review_previous_active_learning_labels","TRUE","user_confirmed_previous_review_candidates_existing_labels_are_correct"
"games-official-03.store","arsenal.com","0","confirmed_false_positive","manual_review_previous_active_learning_labels","TRUE","user_confirmed_previous_review_candidates_existing_labels_are_correct"
"com-pay-id.online","seo.com","0","confirmed_false_positive","manual_review_previous_active_learning_labels","TRUE","user_confirmed_previous_review_candidates_existing_labels_are_correct"
"com-pay-id.online","ksat.com","0","confirmed_false_positive","manual_review_previous_active_learning_labels","TRUE","user_confirmed_previous_review_candidates_existing_labels_are_correct"
"com-pay-id.online","euro.com.pl","0","confirmed_false_positive","manual_review_previous_active_learning_labels","TRUE","user_confirmed_previous_review_candidates_existing_labels_are_correct"
"com-pay-id.online","bodybuilding.com","0","confirmed_false_positive","manual_review_previous_active_learning_labels","TRUE","user_confirmed_previous_review_candidates_existing_labels_are_correct"
"cinebloom-official.site","arsenal.com","0","confirmed_false_positive","manual_review_previous_active_learning_labels","TRUE","user_confirmed_previous_review_candidates_existing_labels_are_correct"
"atlaswatersystems.eu.cc","hypersecu.com","0","confirmed_false_positive","manual_review_previous_active_learning_labels","TRUE","user_confirmed_previous_review_candidates_existing_labels_are_correct"
"vester-security.vip","sec.com.cn","0","confirmed_false_positive","manual_review_previous_active_learning_labels","TRUE","user_confirmed_previous_review_candidates_existing_labels_are_correct"
"security-password.info","sec.com.cn","0","confirmed_false_positive","manual_review_previous_active_learning_labels","TRUE","user_confirmed_previous_review_candidates_existing_labels_are_correct"
"security-no-reply.online","sec.com.cn","0","confirmed_false_positive","manual_review_previous_active_learning_labels","TRUE","user_confirmed_previous_review_candidates_existing_labels_are_correct"
"secure-paymentus.cc","sec.com.cn","0","confirmed_false_positive","manual_review_previous_active_learning_labels","TRUE","user_confirmed_previous_review_candidates_existing_labels_are_correct"
"secure-official.shop","takarakuji-official.jp","0","confirmed_false_positive","manual_review_previous_active_learning_labels","TRUE","user_confirmed_previous_review_candidates_existing_labels_are_correct"
"secure-official.shop","arsenal.com","0","confirmed_false_positive","manual_review_previous_active_learning_labels","TRUE","user_confirmed_previous_review_candidates_existing_labels_are_correct"
"com-pay-id.online","seotalents.com","0","confirmed_false_positive","manual_review_previous_active_learning_labels","TRUE","user_confirmed_previous_review_candidates_existing_labels_are_correct"
"juro-update-file-service-downloading.xyz","html-load.cc","0","confirmed_false_positive","manual_review_previous_active_learning_labels","TRUE","user_confirmed_previous_review_candidates_existing_labels_are_correct"
"amazonupdate-ca.com","amazon.com","1","confirmed_positive","manual_review_previous_active_learning_labels","TRUE","user_confirmed_previous_review_candidates_existing_labels_are_correct"
"security-no-reply.online","talon-sec.com","0","confirmed_false_positive","manual_review_previous_active_learning_labels","TRUE","user_confirmed_previous_review_candidates_existing_labels_are_correct"
"netflix-payment-support.com","netflix.com","1","confirmed_positive","manual_review_previous_active_learning_labels","TRUE","user_confirmed_previous_review_candidates_existing_labels_are_correct"
"netflix-my-account.com","netflix.com","1","confirmed_positive","manual_review_previous_active_learning_labels","TRUE","user_confirmed_previous_review_candidates_existing_labels_are_correct"
"netflix-login-support.com","netflix.com","1","confirmed_positive","manual_review_previous_active_learning_labels","TRUE","user_confirmed_previous_review_candidates_existing_labels_are_correct"
"netflix-login-client.com","netflix.com","1","confirmed_positive","manual_review_previous_active_learning_labels","TRUE","user_confirmed_previous_review_candidates_existing_labels_are_correct"
"netflix-info-account.com","netflix.com","1","confirmed_positive","manual_review_previous_active_learning_labels","TRUE","user_confirmed_previous_review_candidates_existing_labels_are_correct"
"netflix-home-secure.com","netflix.com","1","confirmed_positive","manual_review_previous_active_learning_labels","TRUE","user_confirmed_previous_review_candidates_existing_labels_are_correct"
"netflix-help-support.live","netflix.com","1","confirmed_positive","manual_review_previous_active_learning_labels","TRUE","user_confirmed_previous_review_candidates_existing_labels_are_correct"
"netflix-fr-login.fr","netflix.com","1","confirmed_positive","manual_review_previous_active_learning_labels","TRUE","user_confirmed_previous_review_candidates_existing_labels_are_correct"
"netflix-compte-support.fr","netflix.com","1","confirmed_positive","manual_review_previous_active_learning_labels","TRUE","user_confirmed_previous_review_candidates_existing_labels_are_correct"
"netflix-auth-secure.com","netflix.com","1","confirmed_positive","manual_review_previous_active_learning_labels","TRUE","user_confirmed_previous_review_candidates_existing_labels_are_correct"
"netflix-accounts-restriction.com","netflix.com","1","confirmed_positive","manual_review_previous_active_learning_labels","TRUE","user_confirmed_previous_review_candidates_existing_labels_are_correct"
"netflix-accounts-payment.com","netflix.com","1","confirmed_positive","manual_review_previous_active_learning_labels","TRUE","user_confirmed_previous_review_candidates_existing_labels_are_correct"
"netflix-account.info","netflix.com","1","confirmed_positive","manual_review_previous_active_learning_labels","TRUE","user_confirmed_previous_review_candidates_existing_labels_are_correct"
"netflix-account-secure.fr","netflix.com","1","confirmed_positive","manual_review_previous_active_learning_labels","TRUE","user_confirmed_previous_review_candidates_existing_labels_are_correct"
"netflix-account-renewal.com","netflix.com","1","confirmed_positive","manual_review_previous_active_learning_labels","TRUE","user_confirmed_previous_review_candidates_existing_labels_are_correct"
"netf-lix.fr","netflix.com","1","confirmed_positive","manual_review_previous_active_learning_labels","TRUE","user_confirmed_previous_review_candidates_existing_labels_are_correct"
"mynetflix.co","netflix.com","1","confirmed_positive","manual_review_previous_active_learning_labels","TRUE","user_confirmed_previous_review_candidates_existing_labels_are_correct"
"my-account-amazon.com","amazon.com","1","confirmed_positive","manual_review_previous_active_learning_labels","TRUE","user_confirmed_previous_review_candidates_existing_labels_are_correct"
"microsoft-update-com.github.io","github.com","1","confirmed_positive","manual_review_previous_active_learning_labels","TRUE","user_confirmed_previous_review_candidates_existing_labels_are_correct"
"mail-account-data.github.io","github.com","1","confirmed_positive","manual_review_previous_active_learning_labels","TRUE","user_confirmed_previous_review_candidates_existing_labels_are_correct"
"login.portal-github.com","github.com","1","confirmed_positive","manual_review_previous_active_learning_labels","TRUE","user_confirmed_previous_review_candidates_existing_labels_are_correct"
"netflix-secure-serv.fr","netflix.com","1","confirmed_positive","manual_review_previous_active_learning_labels","TRUE","user_confirmed_previous_review_candidates_existing_labels_are_correct"
"login-user-netflix.com","netflix.com","1","confirmed_positive","manual_review_previous_active_learning_labels","TRUE","user_confirmed_previous_review_candidates_existing_labels_are_correct"
"netflix-signin.com","netflix.com","1","confirmed_positive","manual_review_previous_active_learning_labels","TRUE","user_confirmed_previous_review_candidates_existing_labels_are_correct"
"netflix-support-fr.info","netflix.com","1","confirmed_positive","manual_review_previous_active_learning_labels","TRUE","user_confirmed_previous_review_candidates_existing_labels_are_correct"
"verify-account-binance.com","binance.com","1","confirmed_positive","manual_review_previous_active_learning_labels","TRUE","user_confirmed_previous_review_candidates_existing_labels_are_correct"
"user-login-netflix.com","netflix.com","1","confirmed_positive","manual_review_previous_active_learning_labels","TRUE","user_confirmed_previous_review_candidates_existing_labels_are_correct"
"updates-netflix.com","netflix.com","1","confirmed_positive","manual_review_previous_active_learning_labels","TRUE","user_confirmed_previous_review_candidates_existing_labels_are_correct"
"update.02-amazon.com","amazon.com","1","confirmed_positive","manual_review_previous_active_learning_labels","TRUE","user_confirmed_previous_review_candidates_existing_labels_are_correct"
"update-netflix.com","netflix.com","1","confirmed_positive","manual_review_previous_active_learning_labels","TRUE","user_confirmed_previous_review_candidates_existing_labels_are_correct"
"support-sale-netflix.com","netflix.com","1","confirmed_positive","manual_review_previous_active_learning_labels","TRUE","user_confirmed_previous_review_candidates_existing_labels_are_correct"
"support-payments-netflix.com","netflix.com","1","confirmed_positive","manual_review_previous_active_learning_labels","TRUE","user_confirmed_previous_review_candidates_existing_labels_are_correct"
"support-netflixfr.com","netflix.com","1","confirmed_positive","manual_review_previous_active_learning_labels","TRUE","user_confirmed_previous_review_candidates_existing_labels_are_correct"
"support-moncompte-netflix.com","netflix.com","1","confirmed_positive","manual_review_previous_active_learning_labels","TRUE","user_confirmed_previous_review_candidates_existing_labels_are_correct"
"support-kyc-netflix.fr","netflix.com","1","confirmed_positive","manual_review_previous_active_learning_labels","TRUE","user_confirmed_previous_review_candidates_existing_labels_are_correct"
"support-client-netflix.fr","netflix.com","1","confirmed_positive","manual_review_previous_active_learning_labels","TRUE","user_confirmed_previous_review_candidates_existing_labels_are_correct"
"support-auth-netflix.com","netflix.com","1","confirmed_positive","manual_review_previous_active_learning_labels","TRUE","user_confirmed_previous_review_candidates_existing_labels_are_correct"
"secured-americanexpress.com","americanexpress.com","1","confirmed_positive","manual_review_previous_active_learning_labels","TRUE","user_confirmed_previous_review_candidates_existing_labels_are_correct"
"secure-compte-netflix.info","netflix.com","1","confirmed_positive","manual_review_previous_active_learning_labels","TRUE","user_confirmed_previous_review_candidates_existing_labels_are_correct"
"secure-compte-netflix.fr","netflix.com","1","confirmed_positive","manual_review_previous_active_learning_labels","TRUE","user_confirmed_previous_review_candidates_existing_labels_are_correct"
"renewal-account-netflix.com","netflix.com","1","confirmed_positive","manual_review_previous_active_learning_labels","TRUE","user_confirmed_previous_review_candidates_existing_labels_are_correct"
"nnetflix.live","netflix.com","1","confirmed_positive","manual_review_previous_active_learning_labels","TRUE","user_confirmed_previous_review_candidates_existing_labels_are_correct"
"netflix-tv-account.com","netflix.com","1","confirmed_positive","manual_review_previous_active_learning_labels","TRUE","user_confirmed_previous_review_candidates_existing_labels_are_correct"
"netflix-supports-france.fr","netflix.com","1","confirmed_positive","manual_review_previous_active_learning_labels","TRUE","user_confirmed_previous_review_candidates_existing_labels_are_correct"
"netflix-support-paiment.info","netflix.com","1","confirmed_positive","manual_review_previous_active_learning_labels","TRUE","user_confirmed_previous_review_candidates_existing_labels_are_correct"
"netflix-support-france.fr","netflix.com","1","confirmed_positive","manual_review_previous_active_learning_labels","TRUE","user_confirmed_previous_review_candidates_existing_labels_are_correct"
"netflix-support-aide.com","netflix.com","1","confirmed_positive","manual_review_previous_active_learning_labels","TRUE","user_confirmed_previous_review_candidates_existing_labels_are_correct"
"secure-paymentus.cc","talon-sec.com","0","confirmed_false_positive","manual_review_previous_active_learning_labels","TRUE","user_confirmed_previous_review_candidates_existing_labels_are_correct"
"login-secure-netflix.com","netflix.com","1","confirmed_positive","manual_review_previous_active_learning_labels","TRUE","user_confirmed_previous_review_candidates_existing_labels_are_correct"
"login-connect-netflix.com","netflix.com","1","confirmed_positive","manual_review_previous_active_learning_labels","TRUE","user_confirmed_previous_review_candidates_existing_labels_are_correct"
"amazont.top","amazon.com","1","confirmed_positive","manual_review_previous_active_learning_labels","TRUE","user_confirmed_previous_review_candidates_existing_labels_are_correct"
"amazonrefund-support.com","amazon.com","1","confirmed_positive","manual_review_previous_active_learning_labels","TRUE","user_confirmed_previous_review_candidates_existing_labels_are_correct"
"amazonprime-myprimeaccount.com","amazon.com","1","confirmed_positive","manual_review_previous_active_learning_labels","TRUE","user_confirmed_previous_review_candidates_existing_labels_are_correct"
"amazonprime-myaccount.com","amazon.com","1","confirmed_positive","manual_review_previous_active_learning_labels","TRUE","user_confirmed_previous_review_candidates_existing_labels_are_correct"
"amazono.xyz","amazon.com","1","confirmed_positive","manual_review_previous_active_learning_labels","TRUE","user_confirmed_previous_review_candidates_existing_labels_are_correct"
"amazonaccount-updatebilling.com","amazon.com","1","confirmed_positive","manual_review_previous_active_learning_labels","TRUE","user_confirmed_previous_review_candidates_existing_labels_are_correct"
"amazonaccount-myamazonprime.com","amazon.com","1","confirmed_positive","manual_review_previous_active_learning_labels","TRUE","user_confirmed_previous_review_candidates_existing_labels_are_correct"
"amazonaccount-billing.com","amazon.com","1","confirmed_positive","manual_review_previous_active_learning_labels","TRUE","user_confirmed_previous_review_candidates_existing_labels_are_correct"
"amazon-verify-security-id5613.com","amazon.com","1","confirmed_positive","manual_review_previous_active_learning_labels","TRUE","user_confirmed_previous_review_candidates_existing_labels_are_correct"
"amazon-signin.top","amazon.com","1","confirmed_positive","manual_review_previous_active_learning_labels","TRUE","user_confirmed_previous_review_candidates_existing_labels_are_correct"
"amazon-secure-fr.com","amazon.com","1","confirmed_positive","manual_review_previous_active_learning_labels","TRUE","user_confirmed_previous_review_candidates_existing_labels_are_correct"
"amazon-secure-connect.com","amazon.com","1","confirmed_positive","manual_review_previous_active_learning_labels","TRUE","user_confirmed_previous_review_candidates_existing_labels_are_correct"
"amazon-secure-account.com","amazon.com","1","confirmed_positive","manual_review_previous_active_learning_labels","TRUE","user_confirmed_previous_review_candidates_existing_labels_are_correct"
"amazon-info-account.com","amazon.com","1","confirmed_positive","manual_review_previous_active_learning_labels","TRUE","user_confirmed_previous_review_candidates_existing_labels_are_correct"
"amazon-account.site","amazon.com","1","confirmed_positive","manual_review_previous_active_learning_labels","TRUE","user_confirmed_previous_review_candidates_existing_labels_are_correct"
"amazon-account-renewal.com","amazon.com","1","confirmed_positive","manual_review_previous_active_learning_labels","TRUE","user_confirmed_previous_review_candidates_existing_labels_are_correct"
"amazon-account-login.com","amazon.com","1","confirmed_positive","manual_review_previous_active_learning_labels","TRUE","user_confirmed_previous_review_candidates_existing_labels_are_correct"
"account-netflix.info","netflix.com","1","confirmed_positive","manual_review_previous_active_learning_labels","TRUE","user_confirmed_previous_review_candidates_existing_labels_are_correct"
"service-securite.online","talon-sec.com","0","confirmed_false_positive","manual_review_previous_active_learning_labels","TRUE","user_confirmed_previous_review_candidates_existing_labels_are_correct"
"find-support-us.online","usta.com","0","confirmed_false_positive","manual_review_previous_active_learning_labels","TRUE","user_confirmed_previous_review_candidates_existing_labels_are_correct"
"verify-sale-securely45856432.click","talon-sec.com","0","confirmed_false_positive","manual_review_previous_active_learning_labels","TRUE","user_confirmed_previous_review_candidates_existing_labels_are_correct"
"trust-verify.app","rust-lang.org","0","confirmed_false_positive","manual_review_previous_active_learning_labels","TRUE","user_confirmed_previous_review_candidates_existing_labels_are_correct"
"login-idnetflix.com","netflix.com","1","confirmed_positive","manual_review_previous_active_learning_labels","TRUE","user_confirmed_previous_review_candidates_existing_labels_are_correct"
"amazonupdates-ca.com","amazon.com","1","confirmed_positive","manual_review_previous_active_learning_labels","TRUE","user_confirmed_previous_review_candidates_existing_labels_are_correct"
"amazonverify-support.com","amazon.com","1","confirmed_positive","manual_review_previous_active_learning_labels","TRUE","user_confirmed_previous_review_candidates_existing_labels_are_correct"
"login-client-netflix.com","netflix.com","1","confirmed_positive","manual_review_previous_active_learning_labels","TRUE","user_confirmed_previous_review_candidates_existing_labels_are_correct"
"login-accounts-binance.com","binance.com","1","confirmed_positive","manual_review_previous_active_learning_labels","TRUE","user_confirmed_previous_review_candidates_existing_labels_are_correct"
"inetflix.top","netflix.com","1","confirmed_positive","manual_review_previous_active_learning_labels","TRUE","user_confirmed_previous_review_candidates_existing_labels_are_correct"
"fr-support-netflix.info","netflix.com","1","confirmed_positive","manual_review_previous_active_learning_labels","TRUE","user_confirmed_previous_review_candidates_existing_labels_are_correct"
"fr-support-netflix.com","netflix.com","1","confirmed_positive","manual_review_previous_active_learning_labels","TRUE","user_confirmed_previous_review_candidates_existing_labels_are_correct"
"epicgames-vpn.com","epicgames.com","1","confirmed_positive","manual_review_previous_active_learning_labels","TRUE","user_confirmed_previous_review_candidates_existing_labels_are_correct"
"binancez.cyou","binance.com","1","confirmed_positive","manual_review_previous_active_learning_labels","TRUE","user_confirmed_previous_review_candidates_existing_labels_are_correct"
"binancez.buzz","binance.com","1","confirmed_positive","manual_review_previous_active_learning_labels","TRUE","user_confirmed_previous_review_candidates_existing_labels_are_correct"
"binanceu.xyz","binance.com","1","confirmed_positive","manual_review_previous_active_learning_labels","TRUE","user_confirmed_previous_review_candidates_existing_labels_are_correct"
"binances-login.com","binance.com","1","confirmed_positive","manual_review_previous_active_learning_labels","TRUE","user_confirmed_previous_review_candidates_existing_labels_are_correct"
"binancef.org","binance.com","1","confirmed_positive","manual_review_previous_active_learning_labels","TRUE","user_confirmed_previous_review_candidates_existing_labels_are_correct"
"binancee-login.com","binance.com","1","confirmed_positive","manual_review_previous_active_learning_labels","TRUE","user_confirmed_previous_review_candidates_existing_labels_are_correct"
"binance-exchange-login.com","binance.com","1","confirmed_positive","manual_review_previous_active_learning_labels","TRUE","user_confirmed_previous_review_candidates_existing_labels_are_correct"
"binance-camping-account-kampanya.net","binance.com","1","confirmed_positive","manual_review_previous_active_learning_labels","TRUE","user_confirmed_previous_review_candidates_existing_labels_are_correct"
"binance-account-camp.net","binance.com","1","confirmed_positive","manual_review_previous_active_learning_labels","TRUE","user_confirmed_previous_review_candidates_existing_labels_are_correct"
"authmsg-netflix.com","netflix.com","1","confirmed_positive","manual_review_previous_active_learning_labels","TRUE","user_confirmed_previous_review_candidates_existing_labels_are_correct"
"authentification-support-netflix.com","netflix.com","1","confirmed_positive","manual_review_previous_active_learning_labels","TRUE","user_confirmed_previous_review_candidates_existing_labels_are_correct"
"authentification-secure-netflix.com","netflix.com","1","confirmed_positive","manual_review_previous_active_learning_labels","TRUE","user_confirmed_previous_review_candidates_existing_labels_are_correct"
"auth-support-netflix.info","netflix.com","1","confirmed_positive","manual_review_previous_active_learning_labels","TRUE","user_confirmed_previous_review_candidates_existing_labels_are_correct"
"amazony.shop","amazon.com","1","confirmed_positive","manual_review_previous_active_learning_labels","TRUE","user_confirmed_previous_review_candidates_existing_labels_are_correct"
"amazonv.cc","amazon.com","1","confirmed_positive","manual_review_previous_active_learning_labels","TRUE","user_confirmed_previous_review_candidates_existing_labels_are_correct"
"secure-message-center.com","sec.com.cn","0","confirmed_false_positive","manual_review_previous_active_learning_labels","TRUE","user_confirmed_previous_review_candidates_existing_labels_are_correct"
"kevca-security.com","talon-sec.com","0","confirmed_false_positive","manual_review_previous_active_learning_labels","TRUE","user_confirmed_previous_review_candidates_existing_labels_are_correct"
"secure-direct-kaiyun.com.cn","sec.com.cn","0","confirmed_false_positive","manual_review_previous_active_learning_labels","TRUE","user_confirmed_previous_review_candidates_existing_labels_are_correct"
"bankofamericamichaelanthonysofia.com","bankofamerica.com","1","confirmed_positive","manual_review_previous_active_learning_labels","TRUE","user_confirmed_previous_review_candidates_existing_labels_are_correct"
"bankofamerica220.bounceme.net","bankofamerica.com","1","confirmed_positive","manual_review_previous_active_learning_labels","TRUE","user_confirmed_previous_review_candidates_existing_labels_are_correct"
"abchina.com.w.kunluncan.com","abchina.com","1","confirmed_positive","manual_review_previous_active_learning_labels","TRUE","user_confirmed_previous_review_candidates_existing_labels_are_correct"
"bofa.su","bankofamerica.com","1","confirmed_positive","manual_review_previous_active_learning_labels","TRUE","user_confirmed_previous_review_candidates_existing_labels_are_correct"
"onebofa.com","bankofamerica.com","1","confirmed_positive","manual_review_previous_active_learning_labels","TRUE","user_confirmed_previous_review_candidates_existing_labels_are_correct"
"bofateez.com","bankofamerica.com","1","confirmed_positive","manual_review_previous_active_learning_labels","TRUE","user_confirmed_previous_review_candidates_existing_labels_are_correct"
"uxanlabchina.top","abchina.com","1","confirmed_positive","manual_review_previous_active_learning_labels","TRUE","user_confirmed_previous_review_candidates_existing_labels_are_correct"
"bankofamericareward.com","bankofamerica.com","1","confirmed_positive","manual_review_previous_active_learning_labels","TRUE","user_confirmed_previous_review_candidates_existing_labels_are_correct"
"bofaxjzx.com","bankofamerica.com","1","confirmed_positive","manual_review_previous_active_learning_labels","TRUE","user_confirmed_previous_review_candidates_existing_labels_are_correct"
"securebankofamericasupport.com","bankofamerica.com","1","confirmed_positive","manual_review_previous_active_learning_labels","TRUE","user_confirmed_previous_review_candidates_existing_labels_are_correct"
"bofader.info","bankofamerica.com","1","confirmed_positive","manual_review_previous_active_learning_labels","TRUE","user_confirmed_previous_review_candidates_existing_labels_are_correct"
"bofasupport.link","bankofamerica.com","1","confirmed_positive","manual_review_previous_active_learning_labels","TRUE","user_confirmed_previous_review_candidates_existing_labels_are_correct"
"ealertsbankofamerica.info","bankofamerica.com","1","confirmed_positive","manual_review_previous_active_learning_labels","TRUE","user_confirmed_previous_review_candidates_existing_labels_are_correct"
"secure05loginbofa.com","bankofamerica.com","1","confirmed_positive","manual_review_previous_active_learning_labels","TRUE","user_confirmed_previous_review_candidates_existing_labels_are_correct"
"secured01bofa.us","bankofamerica.com","1","confirmed_positive","manual_review_previous_active_learning_labels","TRUE","user_confirmed_previous_review_candidates_existing_labels_are_correct"
"mail-mfa-gov-cn-login.netlify.app","mfa.gov.cn","1","confirmed_positive","manual_review_previous_active_learning_labels","TRUE","user_confirmed_previous_review_candidates_existing_labels_are_correct"
"auth.02bofa.com","bankofamerica.com","1","confirmed_positive","manual_review_previous_active_learning_labels","TRUE","user_confirmed_previous_review_candidates_existing_labels_are_correct"
"verify.04bofa.com","bankofamerica.com","1","confirmed_positive","manual_review_previous_active_learning_labels","TRUE","user_confirmed_previous_review_candidates_existing_labels_are_correct"
"bofasguard.org","bankofamerica.com","1","confirmed_positive","manual_review_previous_active_learning_labels","TRUE","user_confirmed_previous_review_candidates_existing_labels_are_correct"
"findcareersatusbofa.com","bankofamerica.com","1","confirmed_positive","manual_review_previous_active_learning_labels","TRUE","user_confirmed_previous_review_candidates_existing_labels_are_correct"
"bofalogincenter.link","bankofamerica.com","1","confirmed_positive","manual_review_previous_active_learning_labels","TRUE","user_confirmed_previous_review_candidates_existing_labels_are_correct"
"abc7news.com","jl.jcy.gov.cn","0","confirmed_false_positive","manual_review_previous_active_learning_labels","TRUE","user_confirmed_previous_review_candidates_existing_labels_are_correct"
"xmu.edu.cn","wxcu.edu.cn","0","confirmed_false_positive","manual_review_previous_active_learning_labels","TRUE","user_confirmed_previous_review_candidates_existing_labels_are_correct"
"wenku.baidu.com","kjt.hlj.gov.cn","0","confirmed_false_positive","manual_review_previous_active_learning_labels","TRUE","user_confirmed_previous_review_candidates_existing_labels_are_correct"
"yesstyle.com","americanexpress.com","0","confirmed_false_positive","manual_review_previous_active_learning_labels","TRUE","user_confirmed_previous_review_candidates_existing_labels_are_correct"
"accompany.com","hycgy.com","0","confirmed_false_positive","manual_review_previous_active_learning_labels","TRUE","user_confirmed_previous_review_candidates_existing_labels_are_correct"
"google.co.il","fjcpc.edu.cn","0","confirmed_false_positive","manual_review_previous_active_learning_labels","TRUE","user_confirmed_previous_review_candidates_existing_labels_are_correct"
"google.cl","guit.edu.cn","0","confirmed_false_positive","manual_review_previous_active_learning_labels","TRUE","user_confirmed_previous_review_candidates_existing_labels_are_correct"
"aliyuncs.com","cdartpro.cn","0","confirmed_false_positive","manual_review_previous_active_learning_labels","TRUE","user_confirmed_previous_review_candidates_existing_labels_are_correct"
"cpta.com.cn","gdstc.gd.gov.cn","0","confirmed_false_positive","manual_review_previous_active_learning_labels","TRUE","user_confirmed_previous_review_candidates_existing_labels_are_correct"
"manga.bilibili.com","fjpsc.edu.cn","0","confirmed_false_positive","manual_review_previous_active_learning_labels","TRUE","user_confirmed_previous_review_candidates_existing_labels_are_correct"
"google.gp","cdut.edu.cn","0","confirmed_false_positive","manual_review_previous_active_learning_labels","TRUE","user_confirmed_previous_review_candidates_existing_labels_are_correct"
"aagag.com","bankofamerica.com","0","confirmed_false_positive","manual_review_previous_active_learning_labels","TRUE","user_confirmed_previous_review_candidates_existing_labels_are_correct"
"sdm.net.cn","americanexpress.com","0","confirmed_false_positive","manual_review_previous_active_learning_labels","TRUE","user_confirmed_previous_review_candidates_existing_labels_are_correct"
"americanexpress.com","jinan.jcy.gov.cn","0","confirmed_false_positive","manual_review_previous_active_learning_labels","TRUE","user_confirmed_previous_review_candidates_existing_labels_are_correct"
"zybang.com","edu.xizang.gov.cn","0","confirmed_false_positive","manual_review_previous_active_learning_labels","TRUE","user_confirmed_previous_review_candidates_existing_labels_are_correct"
"hbue-news.com","hbue.edu.cn","0","confirmed_false_positive","manual_review_previous_active_learning_labels","TRUE","user_confirmed_previous_review_candidates_existing_labels_are_correct"
"blogspot.jp","lntjsz.com","0","confirmed_false_positive","manual_review_previous_active_learning_labels","TRUE","user_confirmed_previous_review_candidates_existing_labels_are_correct"
"eu.com","nssc.cas.cn","0","confirmed_false_positive","manual_review_previous_active_learning_labels","TRUE","user_confirmed_previous_review_candidates_existing_labels_are_correct"
"cnadc.com.cn","cac.gov.cn","0","confirmed_false_positive","manual_review_previous_active_learning_labels","TRUE","user_confirmed_previous_review_candidates_existing_labels_are_correct"
"secure.04bofa.com","bankofamerica.com","1","confirmed_positive","manual_review_previous_active_learning_labels","TRUE","user_confirmed_previous_review_candidates_existing_labels_are_correct"
"verify.02bofa.com","bankofamerica.com","1","confirmed_positive","manual_review_previous_active_learning_labels","TRUE","user_confirmed_previous_review_candidates_existing_labels_are_correct"
"secure.02bofa.com","bankofamerica.com","1","confirmed_positive","manual_review_previous_active_learning_labels","TRUE","user_confirmed_previous_review_candidates_existing_labels_are_correct"
"news-xxobofa.com","bankofamerica.com","1","confirmed_positive","manual_review_previous_active_learning_labels","TRUE","user_confirmed_previous_review_candidates_existing_labels_are_correct"
"02auth-bankofamerica.com","bankofamerica.com","1","confirmed_positive","manual_review_previous_active_learning_labels","TRUE","user_confirmed_previous_review_candidates_existing_labels_are_correct"
"online-bank-of-america.com","bankofamerica.com","1","confirmed_positive","manual_review_previous_active_learning_labels","TRUE","user_confirmed_previous_review_candidates_existing_labels_are_correct"
"aibankofamerica.com","bankofamerica.com","1","confirmed_positive","manual_review_previous_active_learning_labels","TRUE","user_confirmed_previous_review_candidates_existing_labels_are_correct"
"04auth-bankofamerica.com","bankofamerica.com","1","confirmed_positive","manual_review_previous_active_learning_labels","TRUE","user_confirmed_previous_review_candidates_existing_labels_are_correct"
"03auth-bankofamerica.com","bankofamerica.com","1","confirmed_positive","manual_review_previous_active_learning_labels","TRUE","user_confirmed_previous_review_candidates_existing_labels_are_correct"
"login-thebankofamerica.com","bankofamerica.com","1","confirmed_positive","manual_review_previous_active_learning_labels","TRUE","user_confirmed_previous_review_candidates_existing_labels_are_correct"
"bankofamerica-update.com","bankofamerica.com","1","confirmed_positive","manual_review_previous_active_learning_labels","TRUE","user_confirmed_previous_review_candidates_existing_labels_are_correct"
"bankofamerica-secured-online-site01a.com","bankofamerica.com","1","confirmed_positive","manual_review_previous_active_learning_labels","TRUE","user_confirmed_previous_review_candidates_existing_labels_are_correct"
"bankofamerica-secured-banking-web01a.com","bankofamerica.com","1","confirmed_positive","manual_review_previous_active_learning_labels","TRUE","user_confirmed_previous_review_candidates_existing_labels_are_correct"
"bankofamerica-secured-banking-web01.com","bankofamerica.com","1","confirmed_positive","manual_review_previous_active_learning_labels","TRUE","user_confirmed_previous_review_candidates_existing_labels_are_correct"
"bank-of-america.top","bankofamerica.com","1","confirmed_positive","manual_review_previous_active_learning_labels","TRUE","user_confirmed_previous_review_candidates_existing_labels_are_correct"
"bank-of-america.io","bankofamerica.com","1","confirmed_positive","manual_review_previous_active_learning_labels","TRUE","user_confirmed_previous_review_candidates_existing_labels_are_correct"
"bank-of-america-online.com","bankofamerica.com","1","confirmed_positive","manual_review_previous_active_learning_labels","TRUE","user_confirmed_previous_review_candidates_existing_labels_are_correct"
"accounthold-bankofamerica.com","bankofamerica.com","1","confirmed_positive","manual_review_previous_active_learning_labels","TRUE","user_confirmed_previous_review_candidates_existing_labels_are_correct"
"blockchainbet.xyz","blockchain.info","1","confirmed_positive","manual_review_previous_active_learning_labels","TRUE","user_confirmed_previous_review_candidates_existing_labels_are_correct"
"315280-binance.com","binance.com","1","confirmed_positive","manual_review_previous_active_learning_labels","TRUE","user_confirmed_previous_review_candidates_existing_labels_are_correct"
"linxicloud.com","icloud.com","1","confirmed_positive","manual_review_previous_active_learning_labels","TRUE","user_confirmed_previous_review_candidates_existing_labels_are_correct"
"linxicloud.com","icloud.com.cn","1","confirmed_positive","manual_review_previous_active_learning_labels","TRUE","user_confirmed_previous_review_candidates_existing_labels_are_correct"
"fuitmall.shop","tmall.hk","1","confirmed_positive","manual_review_previous_active_learning_labels","TRUE","user_confirmed_previous_review_candidates_existing_labels_are_correct"
"ci-telegram.com","telegram.im","0","confirmed_false_positive","manual_review_previous_active_learning_labels","TRUE","user_confirmed_previous_review_candidates_existing_labels_are_correct"
"verify-device-icloud.com","icloud.com","1","confirmed_positive","manual_review_previous_active_learning_labels","TRUE","user_confirmed_previous_review_candidates_existing_labels_are_correct"
"bankofamerica-auth01.com","bankofamerica.com","1","confirmed_positive","manual_review_previous_active_learning_labels","TRUE","user_confirmed_previous_review_candidates_existing_labels_are_correct"
"google.sr","wuyiu.edu.cn","0","confirmed_false_positive","manual_review_previous_active_learning_labels","TRUE","user_confirmed_previous_review_candidates_existing_labels_are_correct"
"bankofamerica-secure03.ink","bankofamerica.com","1","confirmed_positive","manual_review_previous_active_learning_labels","TRUE","user_confirmed_previous_review_candidates_existing_labels_are_correct"
"bankofamerica-help06a.com","bankofamerica.com","1","confirmed_positive","manual_review_previous_active_learning_labels","TRUE","user_confirmed_previous_review_candidates_existing_labels_are_correct"
"bankofamerica-protection.com","bankofamerica.com","1","confirmed_positive","manual_review_previous_active_learning_labels","TRUE","user_confirmed_previous_review_candidates_existing_labels_are_correct"
"news-bpabofa.today","bankofamerica.com","1","confirmed_positive","manual_review_previous_active_learning_labels","TRUE","user_confirmed_previous_review_candidates_existing_labels_are_correct"
"server6-bankofamerica.com","bankofamerica.com","1","confirmed_positive","manual_review_previous_active_learning_labels","TRUE","user_confirmed_previous_review_candidates_existing_labels_are_correct"
"server7-bankofamerica.com","bankofamerica.com","1","confirmed_positive","manual_review_previous_active_learning_labels","TRUE","user_confirmed_previous_review_candidates_existing_labels_are_correct"
"bankofamerica-activity.com","bankofamerica.com","1","confirmed_positive","manual_review_previous_active_learning_labels","TRUE","user_confirmed_previous_review_candidates_existing_labels_are_correct"
"redirectsecured-bankofamerica.com","bankofamerica.com","1","confirmed_positive","manual_review_previous_active_learning_labels","TRUE","user_confirmed_previous_review_candidates_existing_labels_are_correct"
"bofa4cardlogin8m.ddns.net","bankofamerica.com","1","confirmed_positive","manual_review_previous_active_learning_labels","TRUE","user_confirmed_previous_review_candidates_existing_labels_are_correct"
"bankofamerica-mobile02.com","bankofamerica.com","1","confirmed_positive","manual_review_previous_active_learning_labels","TRUE","user_confirmed_previous_review_candidates_existing_labels_are_correct"
"bofa-administrator01.com","bankofamerica.com","1","confirmed_positive","manual_review_previous_active_learning_labels","TRUE","user_confirmed_previous_review_candidates_existing_labels_are_correct"
"securebofa.x24hr.com","bankofamerica.com","1","confirmed_positive","manual_review_previous_active_learning_labels","TRUE","user_confirmed_previous_review_candidates_existing_labels_are_correct"
"bankofamericasecauth-2.com","bankofamerica.com","1","confirmed_positive","manual_review_previous_active_learning_labels","TRUE","user_confirmed_previous_review_candidates_existing_labels_are_correct"
"alerts-bank-of-america.com","bankofamerica.com","1","confirmed_positive","manual_review_previous_active_learning_labels","TRUE","user_confirmed_previous_review_candidates_existing_labels_are_correct"
"bofasecureus-en-co.com","bankofamerica.com","1","confirmed_positive","manual_review_previous_active_learning_labels","TRUE","user_confirmed_previous_review_candidates_existing_labels_are_correct"
"bankofamericausa.live","bankofamerica.com","1","confirmed_positive","manual_review_previous_active_learning_labels","TRUE","user_confirmed_previous_review_candidates_existing_labels_are_correct"
"securedbankofamerica.com","bankofamerica.com","1","confirmed_positive","manual_review_previous_active_learning_labels","TRUE","user_confirmed_previous_review_candidates_existing_labels_are_correct"
"bankofamericasignin.com","bankofamerica.com","1","confirmed_positive","manual_review_previous_active_learning_labels","TRUE","user_confirmed_previous_review_candidates_existing_labels_are_correct"
"7a-bankofamerica.com","bankofamerica.com","1","confirmed_positive","manual_review_previous_active_learning_labels","TRUE","user_confirmed_previous_review_candidates_existing_labels_are_correct"
"bankofamericatw.com","bankofamerica.com","1","confirmed_positive","manual_review_previous_active_learning_labels","TRUE","user_confirmed_previous_review_candidates_existing_labels_are_correct"
"douyinpic.com","henannu.edu.cn","0","confirmed_false_positive","manual_review_previous_active_learning_labels","TRUE","user_confirmed_previous_review_candidates_existing_labels_are_correct"
"foxla.com","dofcom.hainan.gov.cn","0","confirmed_false_positive","manual_review_previous_active_learning_labels","TRUE","user_confirmed_previous_review_candidates_existing_labels_are_correct"
"google.cf","sdsmu.edu.cn","0","confirmed_false_positive","manual_review_previous_active_learning_labels","TRUE","user_confirmed_previous_review_candidates_existing_labels_are_correct"
"himiknetwork-vpn.ru","superhuman.com","0","confirmed_false_positive","manual_review_previous_active_learning_labels","TRUE","user_confirmed_previous_review_candidates_existing_labels_are_correct"
"handcrafted-security.org","superhuman.com","0","confirmed_false_positive","manual_review_previous_active_learning_labels","TRUE","user_confirmed_previous_review_candidates_existing_labels_are_correct"
"handcrafted-security.org","sec.com.cn","0","confirmed_false_positive","manual_review_previous_active_learning_labels","TRUE","user_confirmed_previous_review_candidates_existing_labels_are_correct"
"handcrafted-security.org","nist.gov","0","confirmed_false_positive","manual_review_previous_active_learning_labels","TRUE","user_confirmed_previous_review_candidates_existing_labels_are_correct"
"handcrafted-security.org","homesandgardens.com","0","confirmed_false_positive","manual_review_previous_active_learning_labels","TRUE","user_confirmed_previous_review_candidates_existing_labels_are_correct"
"handcrafted-security.org","discoverwildlife.com","0","confirmed_false_positive","manual_review_previous_active_learning_labels","TRUE","user_confirmed_previous_review_candidates_existing_labels_are_correct"
"handcrafted-security.org","coindesk.com","0","confirmed_false_positive","manual_review_previous_active_learning_labels","TRUE","user_confirmed_previous_review_candidates_existing_labels_are_correct"
"halo-security-sa.cloud","sec.com.cn","0","confirmed_false_positive","manual_review_previous_active_learning_labels","TRUE","user_confirmed_previous_review_candidates_existing_labels_are_correct"
"golfe-secure-it.fr","sec.com.cn","0","confirmed_false_positive","manual_review_previous_active_learning_labels","TRUE","user_confirmed_previous_review_candidates_existing_labels_are_correct"
"general-token.com","grafana.com","0","confirmed_false_positive","manual_review_previous_active_learning_labels","TRUE","user_confirmed_previous_review_candidates_existing_labels_are_correct"
"demondmack-security.com","talon-sec.com","0","confirmed_false_positive","manual_review_previous_active_learning_labels","TRUE","user_confirmed_previous_review_candidates_existing_labels_are_correct"
"demondmack-security.com","sec.com.cn","0","confirmed_false_positive","manual_review_previous_active_learning_labels","TRUE","user_confirmed_previous_review_candidates_existing_labels_are_correct"
"dangote-secure.com","sec.com.cn","0","confirmed_false_positive","manual_review_previous_active_learning_labels","TRUE","user_confirmed_previous_review_candidates_existing_labels_are_correct"
"cb-secure.org","sec.com.cn","0","confirmed_false_positive","manual_review_previous_active_learning_labels","TRUE","user_confirmed_previous_review_candidates_existing_labels_are_correct"
"bet-online-login.com","line.me","0","confirmed_false_positive","manual_review_previous_active_learning_labels","TRUE","user_confirmed_previous_review_candidates_existing_labels_are_correct"
"bdsm-security.com","talon-sec.com","0","confirmed_false_positive","manual_review_previous_active_learning_labels","TRUE","user_confirmed_previous_review_candidates_existing_labels_are_correct"
"ayxaiyouxi-login.com","you-fuli.com","0","confirmed_false_positive","manual_review_previous_active_learning_labels","TRUE","user_confirmed_previous_review_candidates_existing_labels_are_correct"
"auth-thefirst1-script-service.com","whitehouse.gov","0","confirmed_false_positive","manual_review_previous_active_learning_labels","TRUE","user_confirmed_previous_review_candidates_existing_labels_are_correct"
"auth-thefirst1-script-service.com","thewest.com.au","0","confirmed_false_positive","manual_review_previous_active_learning_labels","TRUE","user_confirmed_previous_review_candidates_existing_labels_are_correct"
"auth-thefirst1-script-service.com","theringer.com","0","confirmed_false_positive","manual_review_previous_active_learning_labels","TRUE","user_confirmed_previous_review_candidates_existing_labels_are_correct"
"auth-thefirst1-script-service.com","theporndude.com","0","confirmed_false_positive","manual_review_previous_active_learning_labels","TRUE","user_confirmed_previous_review_candidates_existing_labels_are_correct"
"ibet-login.net","mr-bet.ca","0","confirmed_false_positive","manual_review_previous_active_learning_labels","TRUE","user_confirmed_previous_review_candidates_existing_labels_are_correct"
"auth-thefirst1-script-service.com","theodysseyonline.com","0","confirmed_false_positive","manual_review_previous_active_learning_labels","TRUE","user_confirmed_previous_review_candidates_existing_labels_are_correct"
"ixbet-login.com","mr-bet.ca","0","confirmed_false_positive","manual_review_previous_active_learning_labels","TRUE","user_confirmed_previous_review_candidates_existing_labels_are_correct"
"leyu-login-portal.com","rta.hebei.gov.cn","0","confirmed_false_positive","manual_review_previous_active_learning_labels","TRUE","user_confirmed_previous_review_candidates_existing_labels_are_correct"
"secure-bankofamerica.lat","talon-sec.com","0","confirmed_false_positive","manual_review_previous_active_learning_labels","TRUE","user_confirmed_previous_review_candidates_existing_labels_are_correct"
"reset-work.com","superhuman.com","0","confirmed_false_positive","manual_review_previous_active_learning_labels","TRUE","user_confirmed_previous_review_candidates_existing_labels_are_correct"
"reset-platform.com","grafana.com","0","confirmed_false_positive","manual_review_previous_active_learning_labels","TRUE","user_confirmed_previous_review_candidates_existing_labels_are_correct"
"reset-platform.com","cloud.microsoft","0","confirmed_false_positive","manual_review_previous_active_learning_labels","TRUE","user_confirmed_previous_review_candidates_existing_labels_are_correct"
"quick-login-maiqiuzhan.com.cn","uic.edu.cn","0","confirmed_false_positive","manual_review_previous_active_learning_labels","TRUE","user_confirmed_previous_review_candidates_existing_labels_are_correct"
"punch-of-fury-security.one","talon-sec.com","0","confirmed_false_positive","manual_review_previous_active_learning_labels","TRUE","user_confirmed_previous_review_candidates_existing_labels_are_correct"
"punch-of-fury-security.one","sec.com.cn","0","confirmed_false_positive","manual_review_previous_active_learning_labels","TRUE","user_confirmed_previous_review_candidates_existing_labels_are_correct"
"plesk-security.fr","sec.com.cn","0","confirmed_false_positive","manual_review_previous_active_learning_labels","TRUE","user_confirmed_previous_review_candidates_existing_labels_are_correct"
"npm-security.team","talon-sec.com","0","confirmed_false_positive","manual_review_previous_active_learning_labels","TRUE","user_confirmed_previous_review_candidates_existing_labels_are_correct"
"my-secure-order.cfd","sec.com.cn","0","confirmed_false_positive","manual_review_previous_active_learning_labels","TRUE","user_confirmed_previous_review_candidates_existing_labels_are_correct"
"mkj-security-template.com","talon-sec.com","0","confirmed_false_positive","manual_review_previous_active_learning_labels","TRUE","user_confirmed_previous_review_candidates_existing_labels_are_correct"
"mkj-security-template.com","sec.com.cn","0","confirmed_false_positive","manual_review_previous_active_learning_labels","TRUE","user_confirmed_previous_review_candidates_existing_labels_are_correct"
"maiqiuwang-secure.com.cn","wan-peng.com","0","confirmed_false_positive","manual_review_previous_active_learning_labels","TRUE","user_confirmed_previous_review_candidates_existing_labels_are_correct"
"maiqiuwang-secure.com.cn","sec.com.cn","0","confirmed_false_positive","manual_review_previous_active_learning_labels","TRUE","user_confirmed_previous_review_candidates_existing_labels_are_correct"
"maiqiuwang-portal-login.com.cn","wan-peng.com","0","confirmed_false_positive","manual_review_previous_active_learning_labels","TRUE","user_confirmed_previous_review_candidates_existing_labels_are_correct"
"maiqiuwang-portal-login.com.cn","rta.hebei.gov.cn","0","confirmed_false_positive","manual_review_previous_active_learning_labels","TRUE","user_confirmed_previous_review_candidates_existing_labels_are_correct"
"lufa-secure.com","sec.com.cn","0","confirmed_false_positive","manual_review_previous_active_learning_labels","TRUE","user_confirmed_previous_review_candidates_existing_labels_are_correct"
"login-floatcard.com","enterprise.com","0","confirmed_false_positive","manual_review_previous_active_learning_labels","TRUE","user_confirmed_previous_review_candidates_existing_labels_are_correct"
"login-floatcard.com","amazon.de","0","confirmed_false_positive","manual_review_previous_active_learning_labels","TRUE","user_confirmed_previous_review_candidates_existing_labels_are_correct"
"login-dan-daftar-gratis.online","discoverwildlife.com","0","confirmed_false_positive","manual_review_previous_active_learning_labels","TRUE","user_confirmed_previous_review_candidates_existing_labels_are_correct"
"login-dan-daftar-gratis.online","coindesk.com","0","confirmed_false_positive","manual_review_previous_active_learning_labels","TRUE","user_confirmed_previous_review_candidates_existing_labels_are_correct"
"kai-yun-quick-login.com.cn","uic.edu.cn","0","confirmed_false_positive","manual_review_previous_active_learning_labels","TRUE","user_confirmed_previous_review_candidates_existing_labels_are_correct"
"secure-f036.com","sec.com.cn","0","confirmed_false_positive","manual_review_previous_active_learning_labels","TRUE","user_confirmed_previous_review_candidates_existing_labels_are_correct"
"auth-thefirst1-script-service.com","theadvocate.com","0","confirmed_false_positive","manual_review_previous_active_learning_labels","TRUE","user_confirmed_previous_review_candidates_existing_labels_are_correct"
"auth-thefirst1-script-service.com","stanforddaily.com","0","confirmed_false_positive","manual_review_previous_active_learning_labels","TRUE","user_confirmed_previous_review_candidates_existing_labels_are_correct"
"shaveease-official.online","seotalents.com","0","confirmed_false_positive","manual_review_previous_active_learning_labels","TRUE","user_confirmed_previous_review_candidates_existing_labels_are_correct"
"shaveease-official.online","seo.com","0","confirmed_false_positive","manual_review_previous_active_learning_labels","TRUE","user_confirmed_previous_review_candidates_existing_labels_are_correct"
"sam-service.store","sams.com.mx","0","confirmed_false_positive","manual_review_previous_active_learning_labels","TRUE","user_confirmed_previous_review_candidates_existing_labels_are_correct"
"secure-bankofamerica.lat","sec.com.cn","0","confirmed_false_positive","manual_review_previous_active_learning_labels","TRUE","user_confirmed_previous_review_candidates_existing_labels_are_correct"
"reset-platform.com","rivian.com","0","confirmed_false_positive","manual_review_previous_active_learning_labels","TRUE","user_confirmed_previous_review_candidates_existing_labels_are_correct"
"npm-security.team","sec.com.cn","0","confirmed_false_positive","manual_review_previous_active_learning_labels","TRUE","user_confirmed_previous_review_candidates_existing_labels_are_correct"
"kevca-security.com","sec.com.cn","0","confirmed_false_positive","manual_review_previous_active_learning_labels","TRUE","user_confirmed_previous_review_candidates_existing_labels_are_correct"
"hth-login-online.com","line.me","0","confirmed_false_positive","manual_review_previous_active_learning_labels","TRUE","user_confirmed_previous_review_candidates_existing_labels_are_correct"
"arbiter-auth.com","bit.edu.cn","0","confirmed_false_positive","manual_review_previous_active_learning_labels","TRUE","user_confirmed_previous_review_candidates_existing_labels_are_correct"
"arbiter-auth.com","grafana.com","0","confirmed_false_positive","manual_review_previous_active_learning_labels","TRUE","user_confirmed_previous_review_candidates_existing_labels_are_correct"
"security-ert.com","sec.com.cn","0","confirmed_false_positive","manual_review_previous_active_learning_labels","TRUE","user_confirmed_previous_review_candidates_existing_labels_are_correct"
"bdsm-security.com","sec.com.cn","0","confirmed_false_positive","manual_review_previous_active_learning_labels","TRUE","user_confirmed_previous_review_candidates_existing_labels_are_correct"
"abuz-mail.eu.cc","eu.com","0","confirmed_false_positive","manual_review_previous_active_learning_labels","TRUE","user_confirmed_previous_review_candidates_existing_labels_are_correct"
"henleyglobal.com","gzw.sc.gov.cn","0","confirmed_false_positive","manual_review_previous_active_learning_labels","TRUE","user_confirmed_previous_review_candidates_existing_labels_are_correct"
"gouvernement.fr","guangzhou.jcy.gov.cn","0","confirmed_false_positive","manual_review_previous_active_learning_labels","TRUE","user_confirmed_previous_review_candidates_existing_labels_are_correct"
"fafl.cn","czj.cq.gov.cn","0","confirmed_false_positive","manual_review_previous_active_learning_labels","TRUE","user_confirmed_previous_review_candidates_existing_labels_are_correct"
"project.feishu.cn","bupt.edu.cn","0","confirmed_false_positive","manual_review_previous_active_learning_labels","TRUE","user_confirmed_previous_review_candidates_existing_labels_are_correct"
"gorgias.chat","yjgl.gd.gov.cn","0","confirmed_false_positive","manual_review_previous_active_learning_labels","TRUE","user_confirmed_previous_review_candidates_existing_labels_are_correct"
"skynews.com.au","cc.ahmu.edu.cn","0","confirmed_false_positive","manual_review_previous_active_learning_labels","TRUE","user_confirmed_previous_review_candidates_existing_labels_are_correct"
"ilas.cssn.cn","gdkm.edu.cn","0","confirmed_false_positive","manual_review_previous_active_learning_labels","TRUE","user_confirmed_previous_review_candidates_existing_labels_are_correct"
"bosch.com","qcdx.net","0","confirmed_false_positive","manual_review_previous_active_learning_labels","TRUE","user_confirmed_previous_review_candidates_existing_labels_are_correct"
"yanaba-official.online","vtv.vn","0","confirmed_false_positive","manual_review_previous_active_learning_labels","TRUE","user_confirmed_previous_review_candidates_existing_labels_are_correct"
"auth-thefirst1-script-service.com","the-independent.com","0","confirmed_false_positive","manual_review_previous_active_learning_labels","TRUE","user_confirmed_previous_review_candidates_existing_labels_are_correct"
"lnstagram-recover.link","amr.jiangxi.gov.cn","0","confirmed_false_positive","manual_review_previous_active_learning_labels","TRUE","user_confirmed_previous_review_candidates_existing_labels_are_correct"
"login-client-access.com","hypersecu.com","0","confirmed_false_positive","manual_review_previous_active_learning_labels","TRUE","user_confirmed_previous_review_candidates_existing_labels_are_correct"
"auth-thefirst1-script-service.com","scotsman.com","0","confirmed_false_positive","manual_review_previous_active_learning_labels","TRUE","user_confirmed_previous_review_candidates_existing_labels_are_correct"
"auth-thefirst1-script-service.com","rst.xinjiang.gov.cn","0","confirmed_false_positive","manual_review_previous_active_learning_labels","TRUE","user_confirmed_previous_review_candidates_existing_labels_are_correct"
"auth-thefirst1-script-service.com","rst.gxzf.gov.cn","0","confirmed_false_positive","manual_review_previous_active_learning_labels","TRUE","user_confirmed_previous_review_candidates_existing_labels_are_correct"
"auth-thefirst1-script-service.com","rst.guizhou.gov.cn","0","confirmed_false_positive","manual_review_previous_active_learning_labels","TRUE","user_confirmed_previous_review_candidates_existing_labels_are_correct"
"auth-thefirst1-script-service.com","rst.gansu.gov.cn","0","confirmed_false_positive","manual_review_previous_active_learning_labels","TRUE","user_confirmed_previous_review_candidates_existing_labels_are_correct"
"auth-thefirst1-script-service.com","grafana.com","0","confirmed_false_positive","manual_review_previous_active_learning_labels","TRUE","user_confirmed_previous_review_candidates_existing_labels_are_correct"
"auth-centreportal-access.com","rta.hebei.gov.cn","0","confirmed_false_positive","manual_review_previous_active_learning_labels","TRUE","user_confirmed_previous_review_candidates_existing_labels_are_correct"
"1xbet-casino-login.net","mr-bet.ca","0","confirmed_false_positive","manual_review_previous_active_learning_labels","TRUE","user_confirmed_previous_review_candidates_existing_labels_are_correct"
"solcitud-portal.click","rta.hebei.gov.cn","0","confirmed_false_positive","manual_review_previous_active_learning_labels","TRUE","user_confirmed_previous_review_candidates_existing_labels_are_correct"
"portal-de-seguridad.click","rta.hebei.gov.cn","0","confirmed_false_positive","manual_review_previous_active_learning_labels","TRUE","user_confirmed_previous_review_candidates_existing_labels_are_correct"
"magnit-service.shop","nit.edu.cn","0","confirmed_false_positive","manual_review_previous_active_learning_labels","TRUE","user_confirmed_previous_review_candidates_existing_labels_are_correct"
"istanbul-portal.online","rta.hebei.gov.cn","0","confirmed_false_positive","manual_review_previous_active_learning_labels","TRUE","user_confirmed_previous_review_candidates_existing_labels_are_correct"
"astonclub-official.online","tcs.ch","0","confirmed_false_positive","manual_review_previous_active_learning_labels","TRUE","user_confirmed_previous_review_candidates_existing_labels_are_correct"
"xingkong-login-porta.com","ngl.link","0","confirmed_false_positive","manual_review_previous_active_learning_labels","TRUE","user_confirmed_previous_review_candidates_existing_labels_are_correct"
"xingkong-login-match.com","ngl.link","0","confirmed_false_positive","manual_review_previous_active_learning_labels","TRUE","user_confirmed_previous_review_candidates_existing_labels_are_correct"
"user-account-kaiyun.com.cn","grafana.com","0","confirmed_false_positive","manual_review_previous_active_learning_labels","TRUE","user_confirmed_previous_review_candidates_existing_labels_are_correct"
"secure-direct-kaiyun.com.cn","redbull.com","0","confirmed_false_positive","manual_review_previous_active_learning_labels","TRUE","user_confirmed_previous_review_candidates_existing_labels_are_correct"
"secure-direct-kaiyun.com.cn","red-dot.org","0","confirmed_false_positive","manual_review_previous_active_learning_labels","TRUE","user_confirmed_previous_review_candidates_existing_labels_are_correct"
"recover-apple-id.com","grafana.com","0","confirmed_false_positive","manual_review_previous_active_learning_labels","TRUE","user_confirmed_previous_review_candidates_existing_labels_are_correct"
"login-client-access.com","people.inc","0","confirmed_false_positive","manual_review_previous_active_learning_labels","TRUE","user_confirmed_previous_review_candidates_existing_labels_are_correct"
"login-client-access.com","nginx.com","0","confirmed_false_positive","manual_review_previous_active_learning_labels","TRUE","user_confirmed_previous_review_candidates_existing_labels_are_correct"
"login-client-access.com","f5.com","0","confirmed_false_positive","manual_review_previous_active_learning_labels","TRUE","user_confirmed_previous_review_candidates_existing_labels_are_correct"
"verify-us-icloud.info","icloud.com","1","confirmed_positive","manual_review_previous_active_learning_labels","TRUE","user_confirmed_previous_review_candidates_existing_labels_are_correct"
"secure-managers-pages.com","lpages.co","0","false_positive","manual_backfill_2026-06-29_unique_candidates","1","user_confirmed_false_positive_from_2026-06-29_unique; risk=high; score=0.85; target_name=Lpages; reason=single_letter_plus_generic_pages_typo_noise"
"secure-sense.com","ssense.com","0","false_positive","manual_backfill_2026-06-29_unique_candidates","1","user_confirmed_false_positive_from_2026-06-29_unique; risk=high; score=0.85; target_name=Ssense; reason=single_letter_plus_generic_sense_typo_noise"
"snus-import.com","cmport.com.hk","0","false_positive","manual_backfill_2026-06-29_unique_candidates","1","user_confirmed_false_positive_from_2026-06-29_unique; risk=medium; score=0.65; reason=generic_import_token_and_near_spelling_noise"
"fun-play.click","funpay.com","0","false_positive","manual_backfill_2026-06-29_unique_candidates","1","user_confirmed_false_positive_from_2026-06-29_unique; risk=medium; score=0.65; target_name=Funpay; reason=play_complete_word_not_pay_typo"
"funlay.xyz","funpay.com","0","false_positive","manual_backfill_2026-06-29_unique_candidates","1","user_confirmed_false_positive_from_2026-06-29_unique; risk=medium; score=0.65; target_name=Funpay; reason=lay_complete_word_not_pay_typo"
"shopifyclaude.com","claude.ai","1","true_positive","manual_backfill_2026-06-29_unique_candidates","0","user_confirmed_positive_from_2026-06-29_unique_with_corrected_target; original_matched_target=shopifycloud.com; corrected_target=claude.ai; reason=claude_brand_embedded"
"112458coinbase.com","coinbase.com","1","confirmed_positive","manual_review_2026-06-12_unique_candidates","TRUE","user_confirmed_remaining_2026-06-12_unique_candidates_positive"
"icloudserv.com","icloud.com","1","confirmed_positive","manual_review_2026-06-12_unique_candidates","TRUE","user_confirmed_remaining_2026-06-12_unique_candidates_positive"
"microsoftonline.forum","microsoft.us","1","confirmed_positive","manual_review_2026-06-12_unique_candidates","TRUE","user_confirmed_remaining_2026-06-12_unique_candidates_positive"
"983257-kraken.com","kraken.com","1","confirmed_positive","manual_review_2026-06-12_unique_candidates","TRUE","user_confirmed_remaining_2026-06-12_unique_candidates_positive"
"autostripe.gay","stripe.com","1","confirmed_positive","manual_review_2026-06-12_unique_candidates","TRUE","user_confirmed_remaining_2026-06-12_unique_candidates_positive"
"client-blockchain.com","blockchain.info","1","confirmed_positive","manual_review_2026-06-12_unique_candidates","TRUE","user_confirmed_remaining_2026-06-12_unique_candidates_positive"
"921784coinbase.com","coinbase.com","1","confirmed_positive","manual_review_2026-06-12_unique_candidates","TRUE","user_confirmed_remaining_2026-06-12_unique_candidates_positive"
"700182coinbase.com","coinbase.com","1","confirmed_positive","manual_review_2026-06-12_unique_candidates","TRUE","user_confirmed_remaining_2026-06-12_unique_candidates_positive"
"405845-coinbase.com","coinbase.com","1","confirmed_positive","manual_review_2026-06-12_unique_candidates","TRUE","user_confirmed_remaining_2026-06-12_unique_candidates_positive"
"712357-crypto.com","crypto.com","1","confirmed_positive","manual_review_2026-06-12_unique_candidates","TRUE","user_confirmed_remaining_2026-06-12_unique_candidates_positive"
"808050-crypto.com","crypto.com","1","confirmed_positive","manual_review_2026-06-12_unique_candidates","TRUE","user_confirmed_remaining_2026-06-12_unique_candidates_positive"
"508050-crypto.com","crypto.com","1","confirmed_positive","manual_review_2026-06-12_unique_candidates","TRUE","user_confirmed_remaining_2026-06-12_unique_candidates_positive"
"506050-crypto.com","crypto.com","1","confirmed_positive","manual_review_2026-06-12_unique_candidates","TRUE","user_confirmed_remaining_2026-06-12_unique_candidates_positive"
"top3inaustralia.info","australia.com","0","confirmed_false_positive","manual_review_2026-06-12_unique_candidates","TRUE","user_confirmed_2026-06-12_unique_candidates_false_positive"
"wci-secure.com","sec.com.cn","0","confirmed_false_positive","manual_review_2026-06-12_unique_candidates","TRUE","user_confirmed_2026-06-12_unique_candidates_false_positive"
"at-uznews.online","znews.vn","1","confirmed_positive","manual_review_2026-06-12_unique_candidates","TRUE","user_confirmed_remaining_2026-06-12_unique_candidates_positive"
"tuto-academy.com","academy.com","1","confirmed_positive","manual_review_2026-06-12_unique_candidates","TRUE","user_confirmed_remaining_2026-06-12_unique_candidates_positive"
"swe-research.com","research.com","1","confirmed_positive","manual_review_2026-06-12_unique_candidates","TRUE","user_confirmed_remaining_2026-06-12_unique_candidates_positive"
"delta-dynamics.com","dynamics.com","1","confirmed_positive","manual_review_2026-06-12_unique_candidates","TRUE","user_confirmed_remaining_2026-06-12_unique_candidates_positive"
"micr0s0ft.online","microsoft.com","1","confirmed_positive","manual_review_2026-06-15_unique_candidates","TRUE","user_confirmed_remaining_2026-06-15_unique_candidates_positive"
"jgmail.vip","gmail.com","1","confirmed_positive","manual_review_2026-06-15_unique_candidates","TRUE","user_confirmed_remaining_2026-06-15_unique_candidates_positive"
"679341coinbase.com","coinbase.com","1","confirmed_positive","manual_review_2026-06-15_unique_candidates","TRUE","user_confirmed_remaining_2026-06-15_unique_candidates_positive"
"apple-findmy.live","apple.news","1","confirmed_positive","manual_review_2026-06-15_unique_candidates","TRUE","user_confirmed_remaining_2026-06-15_unique_candidates_positive"
"72351coinbase.com","coinbase.com","1","confirmed_positive","manual_review_2026-06-15_unique_candidates","TRUE","user_confirmed_remaining_2026-06-15_unique_candidates_positive"
"loginpaypal.com","paypal.com","1","confirmed_positive","manual_review_2026-06-15_unique_candidates","TRUE","user_confirmed_remaining_2026-06-15_unique_candidates_positive"
"flexicloud.info","icloud.com.cn","1","confirmed_positive","manual_review_2026-06-15_unique_candidates","TRUE","user_confirmed_remaining_2026-06-15_unique_candidates_positive"
"wh-bitget.com.cn","bitget.com","1","confirmed_positive","manual_review_2026-06-15_unique_candidates","TRUE","user_confirmed_remaining_2026-06-15_unique_candidates_positive"
"47236-binance.com","binance.com","1","confirmed_positive","manual_review_2026-06-15_unique_candidates","TRUE","user_confirmed_remaining_2026-06-15_unique_candidates_positive"
"motionblockchain.xyz","blockchain.info","1","confirmed_positive","manual_review_2026-06-15_unique_candidates","TRUE","user_confirmed_remaining_2026-06-15_unique_candidates_positive"
"890517-crypto.com","crypto.com","1","confirmed_positive","manual_review_2026-06-15_unique_candidates","TRUE","user_confirmed_remaining_2026-06-15_unique_candidates_positive"
"ipo-spacex.net","spacex.com","1","confirmed_positive","manual_review_2026-06-15_unique_candidates","TRUE","user_confirmed_remaining_2026-06-15_unique_candidates_positive"
"pr-mobile.ru","mobile.de","1","confirmed_positive","manual_review_2026-06-15_unique_candidates","TRUE","user_confirmed_remaining_2026-06-15_unique_candidates_positive"
"wpa-whatsapp.com","whatsapp.com","1","confirmed_positive","manual_review_2026-06-15_unique_candidates","TRUE","user_confirmed_remaining_2026-06-15_unique_candidates_positive"
"fox-blockchain.com","blockchain.com","1","confirmed_positive","manual_review_2026-06-15_unique_candidates","TRUE","user_confirmed_remaining_2026-06-15_unique_candidates_positive"
"eng-kraken.com","kraken.com","1","confirmed_positive","manual_review_2026-06-15_unique_candidates","TRUE","user_confirmed_remaining_2026-06-15_unique_candidates_positive"
"staemcommunity.xyz","steamcommunity.com","1","confirmed_positive","manual_review_2026-06-15_unique_candidates","TRUE","user_confirmed_remaining_2026-06-15_unique_candidates_positive"
"milan-battle.com.cn","battle.net","1","confirmed_positive","manual_review_2026-06-15_unique_candidates","TRUE","user_confirmed_remaining_2026-06-15_unique_candidates_positive"
"tws-secure.com","sec.com.cn","0","confirmed_false_positive","manual_review_2026-06-15_unique_candidates","TRUE","user_confirmed_2026-06-15_unique_candidates_false_positive"
"healthdispatch.shop","dispatch.com","1","confirmed_positive","manual_review_2026-06-15_unique_candidates","TRUE","user_confirmed_remaining_2026-06-15_unique_candidates_positive"
"leedalmtencent.online","tencent.com","1","confirmed_positive","manual_review_2026-06-15_unique_candidates","TRUE","user_confirmed_remaining_2026-06-15_unique_candidates_positive"
"steamcommunity.casa","steamcommunity.com","1","confirmed_positive","manual_review_2026-06-15_unique_candidates","TRUE","user_confirmed_remaining_2026-06-15_unique_candidates_positive"
"evexiasmedicare.in","medicare.gov","1","confirmed_positive","manual_review_2026-06-15_unique_candidates","TRUE","user_confirmed_remaining_2026-06-15_unique_candidates_positive"
"assurepresident.shop","president.jp","1","confirmed_positive","manual_review_2026-06-15_unique_candidates","TRUE","user_confirmed_remaining_2026-06-15_unique_candidates_positive"
"xgentiktok.com","tiktok.com","1","confirmed_positive","manual_review_2026-06-15_unique_candidates","TRUE","user_confirmed_remaining_2026-06-15_unique_candidates_positive"
"mel-france.com","france.tv","1","confirmed_positive","manual_review_2026-06-15_unique_candidates","TRUE","user_confirmed_remaining_2026-06-15_unique_candidates_positive"
"linksignal.xyz","signal.org","1","confirmed_positive","manual_review_2026-06-15_unique_candidates","TRUE","user_confirmed_remaining_2026-06-15_unique_candidates_positive"
"kissofstripe.com","stripe.com","1","confirmed_positive","manual_review_2026-06-15_unique_candidates","TRUE","user_confirmed_remaining_2026-06-15_unique_candidates_positive"
"knowingmedicare.com","medicare.gov","1","confirmed_positive","manual_review_2026-06-15_unique_candidates","TRUE","user_confirmed_remaining_2026-06-15_unique_candidates_positive"
"aurea-square.com","square.link","1","confirmed_positive","manual_review_2026-06-15_unique_candidates","TRUE","user_confirmed_remaining_2026-06-15_unique_candidates_positive"
"4rabet-australia.com","australia.com","1","confirmed_positive","manual_review_2026-06-15_unique_candidates","TRUE","user_confirmed_remaining_2026-06-15_unique_candidates_positive"
"sa3-icloud.top","icloud.com","1","confirmed_positive","manual_review_2026-06-15_unique_candidates","TRUE","user_confirmed_remaining_2026-06-15_unique_candidates_positive"
"blogsignal.xyz","signal.org","0","confirmed_false_positive","manual_review_2026-06-15_unique_candidates","TRUE","user_confirmed_2026-06-15_unique_candidates_false_positive"
"launchcreative.xyz","creative.com","1","confirmed_positive","manual_review_2026-06-15_unique_candidates","TRUE","user_confirmed_remaining_2026-06-15_unique_candidates_positive"
"user-dropbox.com","dropbox.com","1","confirmed_positive","manual_review_2026-06-15_unique_candidates","TRUE","user_confirmed_remaining_2026-06-15_unique_candidates_positive"
"arendarules-yandex.online","yandex.com","1","confirmed_positive","manual_review_2026-06-15_unique_candidates","TRUE","user_confirmed_remaining_2026-06-15_unique_candidates_positive"
"zp-feishu.com.cn","feishu.cn","1","confirmed_positive","manual_review_2026-06-15_unique_candidates","TRUE","user_confirmed_remaining_2026-06-15_unique_candidates_positive"
"landblockchain.xyz","blockchain.info","1","confirmed_positive","manual_review_2026-06-15_unique_candidates","TRUE","user_confirmed_remaining_2026-06-15_unique_candidates_positive"
"blockchainpower.xyz","blockchain.info","1","confirmed_positive","manual_review_2026-06-15_unique_candidates","TRUE","user_confirmed_remaining_2026-06-15_unique_candidates_positive"
"blockchainsentry.xyz","blockchain.info","1","confirmed_positive","manual_review_2026-06-15_unique_candidates","TRUE","user_confirmed_remaining_2026-06-15_unique_candidates_positive"
"gripblockchain.xyz","blockchain.info","1","confirmed_positive","manual_review_2026-06-15_unique_candidates","TRUE","user_confirmed_remaining_2026-06-15_unique_candidates_positive"
"scribeacademy.xyz","academy.com","1","confirmed_positive","manual_review_2026-06-15_unique_candidates","TRUE","user_confirmed_remaining_2026-06-15_unique_candidates_positive"
"orion-business.com","business.gov.au","1","confirmed_positive","manual_review_2026-06-15_unique_candidates","TRUE","user_confirmed_remaining_2026-06-15_unique_candidates_positive"
"dokkisantander.com","santander.com.br","1","confirmed_positive","manual_review_2026-06-15_unique_candidates","TRUE","user_confirmed_remaining_2026-06-15_unique_candidates_positive"
"uthercrypto.com","crypto.com","1","confirmed_positive","manual_review_2026-06-15_unique_candidates","TRUE","user_confirmed_remaining_2026-06-15_unique_candidates_positive"
"listblockchain.xyz","blockchain.info","1","confirmed_positive","manual_review_2026-06-15_unique_candidates","TRUE","user_confirmed_remaining_2026-06-15_unique_candidates_positive"
"hotelsignal.xyz","signal.org","0","confirmed_false_positive","manual_review_2026-06-15_unique_candidates","TRUE","user_confirmed_2026-06-15_unique_candidates_false_positive"
"veteran-mentalhealth.xyz","mentalhealth.org.uk","1","confirmed_positive","manual_review_2026-06-15_unique_candidates","TRUE","user_confirmed_remaining_2026-06-15_unique_candidates_positive"
"medpath-academy.com","academy.com","1","confirmed_positive","manual_review_2026-06-15_unique_candidates","TRUE","user_confirmed_remaining_2026-06-15_unique_candidates_positive"
"miel-expert.site","expert.ru","0","confirmed_false_positive","manual_review_2026-06-15_unique_candidates","TRUE","user_confirmed_2026-06-15_unique_candidates_false_positive"
"currieacademy.com","academy.com","1","confirmed_positive","manual_review_2026-06-15_unique_candidates","TRUE","user_confirmed_remaining_2026-06-15_unique_candidates_positive"
"aura-windows.com","windows.com","1","confirmed_positive","manual_review_2026-06-15_unique_candidates","TRUE","user_confirmed_remaining_2026-06-15_unique_candidates_positive"
"aifirstblockchain.com","blockchain.info","1","confirmed_positive","manual_review_2026-06-15_unique_candidates","TRUE","user_confirmed_remaining_2026-06-15_unique_candidates_positive"
"nepa-world.xyz","world.co.jp","0","confirmed_false_positive","manual_review_2026-06-15_unique_candidates","TRUE","user_confirmed_2026-06-15_unique_candidates_false_positive"
"asthmeacademy.com","academy.com","1","confirmed_positive","manual_review_2026-06-15_unique_candidates","TRUE","user_confirmed_remaining_2026-06-15_unique_candidates_positive"
"allsports-academy.com","academy.com","1","confirmed_positive","manual_review_2026-06-15_unique_candidates","TRUE","user_confirmed_remaining_2026-06-15_unique_candidates_positive"
"rexvimedicare.com","medicare.gov","1","confirmed_positive","manual_review_2026-06-15_unique_candidates","TRUE","user_confirmed_remaining_2026-06-15_unique_candidates_positive"
"athariacademy.org","academy.com","1","confirmed_positive","manual_review_2026-06-15_unique_candidates","TRUE","user_confirmed_remaining_2026-06-15_unique_candidates_positive"
"safeguard-google.com","google.com","1","confirmed_positive","manual_review_2026-06-15_unique_candidates","TRUE","user_confirmed_remaining_2026-06-15_unique_candidates_positive"
"bell-fortune.xyz","fortune.com","1","confirmed_positive","manual_review_2026-06-15_unique_candidates","TRUE","user_confirmed_remaining_2026-06-15_unique_candidates_positive"
"ilcoincrypto.com","crypto.com","1","confirmed_positive","manual_review_2026-06-15_unique_candidates","TRUE","user_confirmed_remaining_2026-06-15_unique_candidates_positive"
"shopblockchain.xyz","blockchain.info","1","confirmed_positive","manual_review_2026-06-15_unique_candidates","TRUE","user_confirmed_remaining_2026-06-15_unique_candidates_positive"
"take-care-creative.com","creative.com","1","confirmed_positive","manual_review_2026-06-15_unique_candidates","TRUE","user_confirmed_remaining_2026-06-15_unique_candidates_positive"
"infoaliexpress.com","aliexpress.com","1","confirmed_positive","manual_review_2026-06-15_unique_candidates","TRUE","user_confirmed_remaining_2026-06-15_unique_candidates_positive"
"sportsignal.xyz","signal.org","0","confirmed_false_positive","manual_review_2026-06-15_unique_candidates","TRUE","user_confirmed_2026-06-15_unique_candidates_false_positive"
"prof-material.ru","material.io","1","confirmed_positive","manual_review_2026-06-15_unique_candidates","TRUE","user_confirmed_remaining_2026-06-15_unique_candidates_positive"
"cmuresearch.xyz","search.com","1","confirmed_positive","manual_review_2026-06-15_unique_candidates","TRUE","user_confirmed_remaining_2026-06-15_unique_candidates_positive"
"isrn-capital.se","capital.gr","1","confirmed_positive","manual_review_2026-06-15_unique_candidates","TRUE","user_confirmed_remaining_2026-06-15_unique_candidates_positive"
"seattlekrakennews.site","kraken.com","1","confirmed_positive","manual_review_2026-06-15_unique_candidates","TRUE","user_confirmed_remaining_2026-06-15_unique_candidates_positive"
"graincapital.xyz","capital.gr","1","confirmed_positive","manual_review_2026-06-15_unique_candidates","TRUE","user_confirmed_remaining_2026-06-15_unique_candidates_positive"
"hotdoc-rf-pending-medicare.com","medicare.gov","1","confirmed_positive","manual_review_2026-06-15_unique_candidates","TRUE","user_confirmed_remaining_2026-06-15_unique_candidates_positive"
"scribeblockchain.xyz","blockchain.com","1","confirmed_positive","manual_review_2026-06-15_unique_candidates","TRUE","user_confirmed_remaining_2026-06-15_unique_candidates_positive"
"survey-india.online","india.gov.in","1","confirmed_positive","manual_review_2026-06-15_unique_candidates","TRUE","user_confirmed_remaining_2026-06-15_unique_candidates_positive"
"rkmtransportationjh.com","transportation.gov","1","confirmed_positive","manual_review_2026-06-15_unique_candidates","TRUE","user_confirmed_remaining_2026-06-15_unique_candidates_positive"
"sspacex.co","spacex.com","1","confirmed_positive","manual_review_2026-06-15_unique_candidates","TRUE","user_confirmed_remaining_2026-06-15_unique_candidates_positive"
"lilianportfolio.xyz","portfolio.hu","1","confirmed_positive","manual_review_2026-06-15_unique_candidates","TRUE","user_confirmed_remaining_2026-06-15_unique_candidates_positive"
"131048coinbase.com","coinbase.com","1","confirmed_positive","manual_review_2026-06-16_unique_candidates","TRUE","user_confirmed_remaining_2026-06-16_unique_candidates_positive"
"172621-binance.com","binance.com","1","confirmed_positive","manual_review_2026-06-16_unique_candidates","TRUE","user_confirmed_remaining_2026-06-16_unique_candidates_positive"
"zkpblockchain.xyz","blockchain.info","1","confirmed_positive","manual_review_2026-06-16_unique_candidates","TRUE","user_confirmed_remaining_2026-06-16_unique_candidates_positive"
"019282coinbase.com","coinbase.com","1","confirmed_positive","manual_review_2026-06-16_unique_candidates","TRUE","user_confirmed_remaining_2026-06-16_unique_candidates_positive"
"1pathgoogle.com","google.cz","1","confirmed_positive","manual_review_2026-06-16_unique_candidates","TRUE","user_confirmed_remaining_2026-06-16_unique_candidates_positive"
"190310-crypto.com","crypto.com","1","confirmed_positive","manual_review_2026-06-16_unique_candidates","TRUE","user_confirmed_remaining_2026-06-16_unique_candidates_positive"
"450310-crypto.com","crypto.com","1","confirmed_positive","manual_review_2026-06-16_unique_candidates","TRUE","user_confirmed_remaining_2026-06-16_unique_candidates_positive"
"350310-crypto.com","crypto.com","1","confirmed_positive","manual_review_2026-06-16_unique_candidates","TRUE","user_confirmed_remaining_2026-06-16_unique_candidates_positive"
"390310-crypto.com","crypto.com","1","confirmed_positive","manual_review_2026-06-16_unique_candidates","TRUE","user_confirmed_remaining_2026-06-16_unique_candidates_positive"
"secure-coinbase.help","coinbase.com","1","confirmed_positive","manual_review_2026-06-16_unique_candidates","TRUE","user_confirmed_remaining_2026-06-16_unique_candidates_positive"
"983287-crypto.com","crypto.com","1","confirmed_positive","manual_review_2026-06-16_unique_candidates","TRUE","user_confirmed_remaining_2026-06-16_unique_candidates_positive"
"293212-crypto.com","crypto.com","1","confirmed_positive","manual_review_2026-06-16_unique_candidates","TRUE","user_confirmed_remaining_2026-06-16_unique_candidates_positive"
"sferum-messenger.ru","messenger.com","1","confirmed_positive","manual_review_2026-06-16_unique_candidates","TRUE","user_confirmed_remaining_2026-06-16_unique_candidates_positive"
"tichxanhtiktok.com","tiktok.com","1","confirmed_positive","manual_review_2026-06-16_unique_candidates","TRUE","user_confirmed_remaining_2026-06-16_unique_candidates_positive"
"safewaymedicare.com","medicare.gov","1","confirmed_positive","manual_review_2026-06-16_unique_candidates","TRUE","user_confirmed_remaining_2026-06-16_unique_candidates_positive"
"blockchain24h.cfd","blockchain.info","1","confirmed_positive","manual_review_2026-06-16_unique_candidates","TRUE","user_confirmed_remaining_2026-06-16_unique_candidates_positive"
"blockchain-invite.com","blockchain.com","1","confirmed_positive","manual_review_2026-06-16_unique_candidates","TRUE","user_confirmed_remaining_2026-06-16_unique_candidates_positive"
"questblockchain.xyz","blockchain.info","1","confirmed_positive","manual_review_2026-06-16_unique_candidates","TRUE","user_confirmed_remaining_2026-06-16_unique_candidates_positive"
"gridblockchain.xyz","blockchain.info","1","confirmed_positive","manual_review_2026-06-16_unique_candidates","TRUE","user_confirmed_remaining_2026-06-16_unique_candidates_positive"
"blockchainhay.cfd","blockchain.info","1","confirmed_positive","manual_review_2026-06-16_unique_candidates","TRUE","user_confirmed_remaining_2026-06-16_unique_candidates_positive"
"trust-business.ru","business.site","1","confirmed_positive","manual_review_2026-06-16_unique_candidates","TRUE","user_confirmed_remaining_2026-06-16_unique_candidates_positive"
"base-spacex.live","spacex.com","1","confirmed_positive","manual_review_2026-06-16_unique_candidates","TRUE","user_confirmed_remaining_2026-06-16_unique_candidates_positive"
"base-spacex.xyz","spacex.com","1","confirmed_positive","manual_review_2026-06-16_unique_candidates","TRUE","user_confirmed_remaining_2026-06-16_unique_candidates_positive"
"horizonmenshealth.online","menshealth.com","1","confirmed_positive","manual_review_2026-06-16_unique_candidates","TRUE","user_confirmed_remaining_2026-06-16_unique_candidates_positive"
"buzzworthytransportation.com","transportation.gov","1","confirmed_positive","manual_review_2026-06-16_unique_candidates","TRUE","user_confirmed_remaining_2026-06-16_unique_candidates_positive"
"blockchainmoingay.cfd","blockchain.com","1","confirmed_positive","manual_review_2026-06-16_unique_candidates","TRUE","user_confirmed_remaining_2026-06-16_unique_candidates_positive"
"892821coinbase.com","coinbase.com","1","confirmed_positive","manual_review_2026-06-18_previous_alert_missed_brand","TRUE","user_confirmed_previous_alert_positive_but_optimized_model_ignored"
"958621-coinbase.com","coinbase.com","1","confirmed_positive","manual_review_2026-06-18_previous_alert_missed_brand","TRUE","user_confirmed_previous_alert_positive_but_optimized_model_ignored"
"auditoutlook.info","outlook.com","1","confirmed_positive","manual_review_2026-06-18_previous_alert_missed_brand","TRUE","user_confirmed_previous_alert_positive_but_optimized_model_ignored"
"272612coinbase.com","coinbase.com","1","confirmed_positive","manual_review_2026-06-18_previous_alert_missed_brand","TRUE","user_confirmed_previous_alert_positive_but_optimized_model_ignored"
"porntelegram.com.br","telegram.me","1","confirmed_positive","manual_review_2026-06-18_previous_alert_missed_brand","TRUE","user_confirmed_previous_alert_positive_but_optimized_model_ignored"
"cialis1walmart.com","walmart.com.mx","1","confirmed_positive","manual_review_2026-06-18_previous_alert_missed_brand","TRUE","user_confirmed_previous_alert_positive_but_optimized_model_ignored"
"ui-jquery.com","jquery.org","1","confirmed_positive","manual_review_2026-06-18_previous_alert_missed_brand","TRUE","user_confirmed_previous_alert_positive_but_optimized_model_ignored"
"reachspacex.info","spacex.com","1","confirmed_positive","manual_review_2026-06-18_previous_alert_missed_brand","TRUE","user_confirmed_previous_alert_positive_but_optimized_model_ignored"
"diggoogle.online","google.hn","1","confirmed_positive","manual_review_2026-06-18_previous_alert_missed_brand","TRUE","user_confirmed_previous_alert_positive_but_optimized_model_ignored"
"aioutlook.lat","outlook.com","1","confirmed_positive","manual_review_2026-06-17_unique_candidates_confirmed_positive","TRUE","user_confirmed_recent_detection_positive"
"mbwhatsapp.com","whatsapp.com","1","confirmed_positive","manual_review_2026-06-17_unique_candidates_confirmed_positive","TRUE","user_confirmed_recent_detection_positive"
"googleapi.ru","google.ru","1","confirmed_positive","manual_review_2026-06-17_unique_candidates_confirmed_positive","TRUE","user_confirmed_recent_detection_positive"
"svyazki-yandex.ru","yandex.net","1","confirmed_positive","manual_review_2026-06-17_unique_candidates_confirmed_positive","TRUE","user_confirmed_recent_detection_positive"
"iblockchain.icu","blockchain.com","1","confirmed_positive","manual_review_2026-06-17_unique_candidates_confirmed_positive","TRUE","user_confirmed_recent_detection_positive"
"getwhatsapp.xyz","whatsapp.com","1","confirmed_positive","manual_review_2026-06-17_unique_candidates_confirmed_positive","TRUE","user_confirmed_recent_detection_positive"
"binance-help.com","binance.com","1","confirmed_positive","manual_review_2026-06-18_unique_candidates_confirmed_positive","TRUE","user_confirmed_recent_detection_positive"
"telegram-app.mom","telegram.me","1","confirmed_positive","manual_review_2026-06-18_unique_candidates_confirmed_positive","TRUE","user_confirmed_recent_detection_positive"
"3mspacex.com","spacex.com","1","confirmed_positive","manual_review_2026-06-18_unique_candidates_confirmed_positive","TRUE","user_confirmed_recent_detection_positive"
"ff-binance.com","binance.com","1","confirmed_positive","manual_review_2026-06-18_unique_candidates_confirmed_positive","TRUE","user_confirmed_recent_detection_positive"
"144618trezor.com","trezor.io","1","confirmed_positive","manual_review_2026-06-18_unique_candidates_confirmed_positive","TRUE","user_confirmed_recent_detection_positive"
"2xdiscord.online","discord.com","1","confirmed_positive","manual_review_2026-06-18_unique_candidates_confirmed_positive","TRUE","user_confirmed_recent_detection_positive"
"yysteamcommunity.com","steamcommunity.com","1","confirmed_positive","manual_review_2026-06-18_unique_candidates_confirmed_positive","TRUE","user_confirmed_recent_detection_positive"
"adobe.net.in","adobe.com","1","confirmed_positive","manual_review_2026-06-18_unique_candidates_confirmed_positive","TRUE","user_confirmed_recent_detection_positive"
"abchina.vip","abchina.com","1","positive","high_value_review_2026-06-18","1","manual_positive: abchina.vip impersonates Agricultural Bank of China official domain abchina.com"
"alipaygo.com","alipay.com","1","positive","high_value_review_2026-06-18","1","manual_positive: alipaygo.com impersonates Alipay official domain alipay.com"
"gooqle-business.com","google.com","1","positive","high_value_review_2026-06-18","1","manual_positive: gooqle-business.com uses q/g visual confusion and should match Google instead of generic business targets"
"elki-cloud.online","icloud.com.cn","0","false_positive","manual_false_positive_2026-06-22_unique_candidates","1","manual_false_positive: embedded target letters complete another word or generic cloud/brand substring; do not treat as impersonation"
"digitlabs.xyz","gitlab.io","0","false_positive","manual_false_positive_2026-06-22_unique_candidates","1","manual_false_positive: embedded target letters complete another word or generic cloud/brand substring; do not treat as impersonation"
"geniusbank.xyz","usbank.com","0","false_positive","manual_false_positive_2026-06-22_unique_candidates","1","manual_false_positive: embedded target letters complete another word or generic cloud/brand substring; do not treat as impersonation"
"refundablecode.xyz","fundable.com","0","false_positive","manual_false_positive_2026-06-22_unique_candidates","1","manual_false_positive: embedded target letters complete another word or generic cloud/brand substring; do not treat as impersonation"
"refundabledesk.xyz","fundable.com","0","false_positive","manual_false_positive_2026-06-22_unique_candidates","1","manual_false_positive: embedded target letters complete another word or generic cloud/brand substring; do not treat as impersonation"
"shizucloud.online","ucloud.cn","0","false_positive","manual_false_positive_2026-06-22_unique_candidates","1","manual_false_positive: embedded target letters complete another word or generic cloud/brand substring; do not treat as impersonation"
"ggmail.site","gmail.com","1","true_positive","manual_backfill_2026-06-22_unique_candidates","1","user_confirmed_positive_from_2026-06-22_unique; risk=high; score=0.9999820571040584; target_name=Gmail"
"815962coinbase.com","coinbase.com","1","true_positive","manual_backfill_2026-06-22_unique_candidates","1","user_confirmed_positive_from_2026-06-22_unique; risk=high; score=0.9999746767026613; target_name=Coinbase"
"woutlook.com","outlook.com","1","true_positive","manual_backfill_2026-06-22_unique_candidates","1","user_confirmed_positive_from_2026-06-22_unique; risk=high; score=0.9999186298570901; target_name=Outlook"
"047372coinbase.com","coinbase.com","1","true_positive","manual_backfill_2026-06-22_unique_candidates","1","user_confirmed_positive_from_2026-06-22_unique; risk=high; score=0.9998971496789425; target_name=Coinbase"
"019511-coinbase.com","coinbase.com","1","true_positive","manual_backfill_2026-06-22_unique_candidates","1","user_confirmed_positive_from_2026-06-22_unique; risk=high; score=0.982036648723724; target_name=Coinbase"
"214908-coinbase.com","coinbase.com","1","true_positive","manual_backfill_2026-06-22_unique_candidates","1","user_confirmed_positive_from_2026-06-22_unique; risk=high; score=0.9764325436200865; target_name=Coinbase"
"youtube.com.al","youtube.com","1","true_positive","manual_backfill_2026-06-22_unique_candidates","1","user_confirmed_positive_from_2026-06-22_unique; risk=high; score=0.9286613376267527; target_name=YouTube"
"gitlab.ltd","gitlab.io","1","true_positive","manual_backfill_2026-06-22_unique_candidates","1","user_confirmed_positive_from_2026-06-22_unique; risk=high; score=0.9138051577926177; target_name=Gitlab"
"rs-google.com","google.com.jm","1","true_positive","manual_backfill_2026-06-22_unique_candidates","1","user_confirmed_positive_from_2026-06-22_unique; risk=high; score=0.85; target_name=Google"
"xn--google-u9a.com","google.ad","1","true_positive","manual_backfill_2026-06-22_unique_candidates","1","user_confirmed_positive_from_2026-06-22_unique; risk=high; score=0.85; target_name=Google"
"google-graycloud.dev","google.ee","1","true_positive","manual_backfill_2026-06-22_unique_candidates","1","user_confirmed_positive_from_2026-06-22_unique; risk=high; score=0.85; target_name=Google"
"instagramtools.xyz","instagram.com","1","true_positive","manual_backfill_2026-06-22_unique_candidates","1","user_confirmed_positive_from_2026-06-22_unique; risk=high; score=0.85; target_name=Instagram"
"hv-binance.com","binance.info","1","true_positive","manual_backfill_2026-06-22_unique_candidates","1","user_confirmed_positive_from_2026-06-22_unique; risk=high; score=0.85; target_name=Binance"
"google-520.com","google.co.id","1","true_positive","manual_backfill_2026-06-22_unique_candidates","1","user_confirmed_positive_from_2026-06-22_unique; risk=high; score=0.85; target_name=Google"
"twitter411.ca","twitter.com","1","true_positive","manual_backfill_2026-06-22_unique_candidates","1","user_confirmed_positive_from_2026-06-22_unique; risk=high; score=0.85; target_name=X"
"whatsapp-doc-send.com.cn","whatsapp.com","1","true_positive","manual_backfill_2026-06-22_unique_candidates","1","user_confirmed_positive_from_2026-06-22_unique; risk=high; score=0.85; target_name=WhatsApp"
"telegrammium.xyz","telegram.com","1","true_positive","manual_backfill_2026-06-22_unique_candidates","1","user_confirmed_positive_from_2026-06-22_unique; risk=high; score=0.85; target_name=Telegram"
"whatsapp-base-app.com.cn","whatsapp.com","1","true_positive","manual_backfill_2026-06-22_unique_candidates","1","user_confirmed_positive_from_2026-06-22_unique; risk=high; score=0.85; target_name=WhatsApp"
"whatsapp-biz-pro.com.cn","whatsapp.com","1","true_positive","manual_backfill_2026-06-22_unique_candidates","1","user_confirmed_positive_from_2026-06-22_unique; risk=high; score=0.85; target_name=WhatsApp"
"whatsapp-dash-hub.com.cn","whatsapp.com","1","true_positive","manual_backfill_2026-06-22_unique_candidates","1","user_confirmed_positive_from_2026-06-22_unique; risk=high; score=0.85; target_name=WhatsApp"
"whatsapp-global-hub.com.cn","whatsapp.com","1","true_positive","manual_backfill_2026-06-22_unique_candidates","1","user_confirmed_positive_from_2026-06-22_unique; risk=high; score=0.85; target_name=WhatsApp"
"whatsapp-one-pro.com.cn","whatsapp.com","1","true_positive","manual_backfill_2026-06-22_unique_candidates","1","user_confirmed_positive_from_2026-06-22_unique; risk=high; score=0.85; target_name=WhatsApp"
"whatsapp-talk-hub.com.cn","whatsapp.com","1","true_positive","manual_backfill_2026-06-22_unique_candidates","1","user_confirmed_positive_from_2026-06-22_unique; risk=high; score=0.85; target_name=WhatsApp"
"whatsapp-top-hub.com.cn","whatsapp.com","1","true_positive","manual_backfill_2026-06-22_unique_candidates","1","user_confirmed_positive_from_2026-06-22_unique; risk=high; score=0.85; target_name=WhatsApp"
"whatsapp-vibe-hub.com.cn","whatsapp.com","1","true_positive","manual_backfill_2026-06-22_unique_candidates","1","user_confirmed_positive_from_2026-06-22_unique; risk=high; score=0.85; target_name=WhatsApp"
"whatsappmarket.online","whatsapp.com","1","true_positive","manual_backfill_2026-06-22_unique_candidates","1","user_confirmed_positive_from_2026-06-22_unique; risk=high; score=0.85; target_name=WhatsApp"
"account-secure-coinbase.com","coinbase.com","1","true_positive","manual_backfill_2026-06-22_unique_candidates","1","user_confirmed_positive_from_2026-06-22_unique; risk=high; score=0.85; target_name=Coinbase"
"tr-binance.online","binance.com","1","true_positive","manual_backfill_2026-06-22_unique_candidates","1","user_confirmed_positive_from_2026-06-22_unique; risk=high; score=0.85; target_name=Binance"
"voice-accept-whatsapp.shop","whatsapp.com","1","true_positive","manual_backfill_2026-06-22_unique_candidates","1","user_confirmed_positive_from_2026-06-22_unique; risk=high; score=0.85; target_name=WhatsApp"
"facebook-mailmeta.com","facebook.com","1","true_positive","manual_backfill_2026-06-22_unique_candidates","1","user_confirmed_positive_from_2026-06-22_unique; risk=high; score=0.85; target_name=Facebook"
"837342-crypto.com","crypto.com","1","true_positive","manual_backfill_2026-06-22_unique_candidates","1","user_confirmed_positive_from_2026-06-22_unique; risk=medium; score=0.8170405192003458; target_name=Crypto"
"walmart.cf","walmart.ca","1","true_positive","manual_backfill_2026-06-22_unique_candidates","1","user_confirmed_positive_from_2026-06-22_unique; risk=medium; score=0.6516574346552911; target_name=Walmart"
"g0oglek.com","google.com.ai","1","true_positive","manual_backfill_2026-06-22_unique_candidates","1","user_confirmed_positive_from_2026-06-22_unique; risk=medium; score=0.65; target_name=Google"
"github-games.site","github.blog","1","true_positive","manual_backfill_2026-06-22_unique_candidates","1","user_confirmed_positive_from_2026-06-22_unique; risk=medium; score=0.65; target_name=Github"
"t3ncentmeeting.com","tencent.com","1","true_positive","manual_backfill_2026-06-22_unique_candidates","1","user_confirmed_positive_from_2026-06-22_unique; risk=medium; score=0.65; target_name=腾讯"
"baliyun.com.cn","aliyun.com","1","true_positive","manual_backfill_2026-06-22_unique_candidates","1","user_confirmed_positive_from_2026-06-22_unique; risk=medium; score=0.65; target_name=阿里云"
"blackline.tax","blackline.com","1","true_positive","manual_backfill_2026-06-22_unique_candidates","1","user_confirmed_positive_from_2026-06-22_unique; risk=medium; score=0.65; target_name=BlackLine: The Agentic Financial Operations Platform?"
"instantly-rb88login.com","instant.one","0","false_positive","manual_backfill_2026-06-22_unique_candidates","1","user_confirmed_false_positive_from_2026-06-22_unique; risk=medium; score=0.65; target_name=Instant"
"sb25football11icloudcom.com","icloud.com","1","true_positive","manual_backfill_2026-06-22_unique_candidates","1","user_confirmed_positive_from_2026-06-22_unique; risk=medium; score=0.65; target_name=iCloud"
"googleseotools.xyz","google.dm","1","true_positive","manual_backfill_2026-06-22_unique_candidates","1","user_confirmed_positive_from_2026-06-22_unique; risk=medium; score=0.65; target_name=Google"
"krakenlink25.info","kraken.com","1","true_positive","manual_backfill_2026-06-22_unique_candidates","1","user_confirmed_positive_from_2026-06-22_unique; risk=medium; score=0.65; target_name=Kraken"
"privatbank.eu","privatbank.ua","1","true_positive","manual_backfill_2026-06-22_unique_candidates","1","user_confirmed_positive_from_2026-06-22_unique; risk=medium; score=0.65; target_name=PrivatBank"
"ch-unionpay.xyz","unionpay.com","1","true_positive","manual_backfill_2026-06-22_unique_candidates","1","user_confirmed_positive_from_2026-06-22_unique; risk=medium; score=0.65; target_name=中国银联股份有限公司"
"telegram.forex","telegram.com","1","true_positive","manual_backfill_2026-06-22_unique_candidates","1","user_confirmed_positive_from_2026-06-22_unique; risk=medium; score=0.65; target_name=Telegram"
"ucloud139.xyz","ucloud.cn","1","true_positive","manual_backfill_2026-06-22_unique_candidates","1","user_confirmed_positive_from_2026-06-22_unique; risk=medium; score=0.65; target_name=Ucloud"
"ucloud138.xyz","ucloud.cn","1","true_positive","manual_backfill_2026-06-22_unique_candidates","1","user_confirmed_positive_from_2026-06-22_unique; risk=medium; score=0.65; target_name=Ucloud"
"tor-kraken.org","kraken.com","1","true_positive","manual_backfill_2026-06-22_unique_candidates","1","user_confirmed_positive_from_2026-06-22_unique; risk=medium; score=0.65; target_name=Kraken"
"scotiabankpts.top","scotiabank.com","1","true_positive","manual_backfill_2026-06-22_unique_candidates","1","user_confirmed_positive_from_2026-06-22_unique; risk=medium; score=0.65; target_name=Scotiabank"
"300taobao.cn","taobao.com","1","true_positive","manual_backfill_2026-06-22_unique_candidates","1","user_confirmed_positive_from_2026-06-22_unique; risk=low; score=0.567681840980462; target_name=Taobao; user_marked_high_value_positive_low_risk"
"rroblox.wf","roblox.com","1","true_positive","manual_backfill_2026-06-22_unique_candidates","1","user_confirmed_positive_from_2026-06-22_unique; risk=low; score=0.4551561436392394; target_name=Roblox"
"mybinance.net","binance.info","1","true_positive","manual_backfill_2026-06-22_unique_candidates","1","user_confirmed_positive_from_2026-06-22_unique; risk=low; score=0.45; target_name=Binance"
"ywww-roblox.com","roblox.com","1","true_positive","manual_backfill_2026-06-22_unique_candidates","1","user_confirmed_positive_from_2026-06-22_unique; risk=low; score=0.45; target_name=Roblox"
"robloxgui.dev","roblox.com","1","true_positive","manual_backfill_2026-06-22_unique_candidates","1","user_confirmed_positive_from_2026-06-22_unique; risk=low; score=0.45; target_name=Roblox"
"facebook-veritick.com","facebook.com","1","true_positive","manual_backfill_2026-06-22_unique_candidates","1","user_confirmed_positive_from_2026-06-22_unique; risk=low; score=0.45; target_name=Facebook"
"telegramrog.com","telegram.org","1","true_positive","manual_backfill_2026-06-22_unique_candidates","1","user_confirmed_positive_from_2026-06-22_unique; risk=low; score=0.45; target_name=Telegram"
"telegrama.me","telegra.ph","1","true_positive","manual_backfill_2026-06-22_unique_candidates","1","user_confirmed_positive_from_2026-06-22_unique; risk=low; score=0.45; target_name=Telegra"
"updating-coinbase.com","coinbase.com","1","true_positive","manual_backfill_2026-06-22_unique_candidates","1","user_confirmed_positive_from_2026-06-22_unique; risk=low; score=0.45; target_name=Coinbase"
"epoch-outlook.com","outlook.com","1","true_positive","manual_backfill_2026-06-22_unique_candidates","1","user_confirmed_positive_from_2026-06-22_unique; risk=low; score=0.45; target_name=Outlook"
"krakensoft.tech","kraken.com","1","true_positive","manual_backfill_2026-06-22_unique_candidates","1","user_confirmed_positive_from_2026-06-22_unique; risk=low; score=0.45; target_name=Kraken"
"baidutieba.com.cn","tieba.baidu.com","1","true_positive","manual_backfill_2026-06-22_unique_candidates","1","user_confirmed_positive_from_2026-06-22_unique; risk=low; score=0.45; target_name=百度贴吧; user_marked_high_value_positive_low_risk"
"backup-wallet-coinbase.com","coinbase.com","1","true_positive","manual_backfill_2026-06-22_unique_candidates","1","user_confirmed_positive_from_2026-06-22_unique; risk=low; score=0.45; target_name=Coinbase"
"redditchmasoniccharity.org","reddit.com","1","true_positive","manual_backfill_2026-06-22_unique_candidates","1","user_confirmed_positive_from_2026-06-22_unique; risk=low; score=0.45; target_name=Reddit"
"cloudflcae.com","cloudflaressl.com","1","true_positive","manual_backfill_2026-06-22_high_value_review","1","user_confirmed_cloudflare_typosquat_from_high_value_review; current whitelist lacks cloudflare.com; mapped to highest-scored Cloudflare target cloudflaressl.com"
"citibank-support.xyz","citibank.com.cn","1","true_positive","manual_backfill_2026-06-22_high_value_review","1","user_confirmed_citibank_support_impersonation; target added/expected in whitelist as Citibank China"
"find-myappleid.live","account.apple.com","1","true_positive","manual_backfill_2026-06-22_high_value_review","1","user_confirmed_apple_id_impersonation; mapped to Apple ID official target account.apple.com"
"appleidyz.xyz","account.apple.com","1","true_positive","manual_backfill_2026-06-22_high_value_review","1","user_confirmed_apple_id_impersonation; mapped to Apple ID official target account.apple.com"
"aliyuncs.net.cn","aliyun.com","1","true_positive","manual_backfill_2026-06-22_6_22_2_unique_candidates","1","user_confirmed_positive_from_2026-06-22_6_22_2_unique; risk=high; score=0.9999960676178296; target_name=阿里云"
"delete-google-review.com","google.hu","1","true_positive","manual_backfill_2026-06-22_6_22_2_unique_candidates","1","user_confirmed_positive_from_2026-06-22_6_22_2_unique; risk=high; score=0.85; target_name=Google"
"discord-help.su","discord.com","1","true_positive","manual_backfill_2026-06-22_6_22_2_unique_candidates","1","user_confirmed_positive_from_2026-06-22_6_22_2_unique; risk=high; score=0.85; target_name=Discord"
"paypal-update.xyz","paypal.com","1","true_positive","manual_backfill_2026-06-22_6_22_2_unique_candidates","1","user_confirmed_positive_from_2026-06-22_6_22_2_unique; risk=high; score=0.85; target_name=PayPal"
"linkedinid199.com","linkedin.com","1","true_positive","manual_backfill_2026-06-22_6_22_2_unique_candidates","1","user_confirmed_positive_from_2026-06-22_6_22_2_unique; risk=high; score=0.85; target_name=LinkedIn"
"paypal-transfersfast.com","paypal.me","1","true_positive","manual_backfill_2026-06-22_6_22_2_unique_candidates","1","user_confirmed_positive_from_2026-06-22_6_22_2_unique; risk=medium; score=0.65; target_name=Paypal"
"appletreediscord.com","discord.media","1","true_positive","manual_backfill_2026-06-22_6_22_2_unique_candidates","1","user_confirmed_positive_from_2026-06-22_6_22_2_unique; risk=medium; score=0.65; target_name=Discord"
"gofundme.bio","gofundme.com","1","true_positive","manual_backfill_2026-06-22_6_22_2_unique_candidates","1","user_confirmed_positive_from_2026-06-22_6_22_2_unique; risk=medium; score=0.65; target_name=GoFundMe"
"roblox-gui-maker.app","roblox.com","1","true_positive","manual_backfill_2026-06-22_6_22_2_unique_candidates","1","user_confirmed_positive_from_2026-06-22_6_22_2_unique; risk=medium; score=0.65; target_name=Roblox"
"faq-telegram.com","telegram.org","1","true_positive","manual_backfill_2026-06-22_6_22_2_unique_candidates","1","user_confirmed_positive_from_2026-06-22_6_22_2_unique; risk=medium; score=0.65; target_name=Telegram"
"bankofamerica.com.ci","bankofamerica.com","1","true_positive","manual_backfill_2026-06-22_6_22_2_unique_candidates","1","user_confirmed_positive_from_2026-06-22_6_22_2_unique; risk=medium; score=0.65; target_name=Bankofamerica"
"americanexpress.my.id","americanexpress.com","1","true_positive","manual_backfill_2026-06-22_6_22_2_unique_candidates","1","user_confirmed_positive_from_2026-06-22_6_22_2_unique; risk=medium; score=0.65; target_name=American Express Credit Cards, Rewards & Banking"
"account-personal.com","personal.com.ar","1","true_positive","manual_backfill_2026-06-22_6_22_2_unique_candidates","1","user_confirmed_positive_from_2026-06-22_6_22_2_unique; risk=medium; score=0.65; target_name=Personal"
"private-clients-auth.com","clients.site","0","false_positive","manual_backfill_2026-06-22_6_22_2_unique_candidates","1","user_confirmed_false_positive_from_2026-06-22_6_22_2_unique; risk=medium; score=0.65; target_name=Clients"
"gogoogleplay.com","google.ht","1","true_positive","manual_backfill_2026-06-22_6_22_2_unique_candidates","1","user_confirmed_positive_from_2026-06-22_6_22_2_unique; risk=low; score=0.45; target_name=Google"
"twittercycles.ru","twitter.com","1","true_positive","manual_backfill_2026-06-22_6_22_2_unique_candidates","1","user_confirmed_positive_from_2026-06-22_6_22_2_unique; risk=low; score=0.45; target_name=X"
"githubcity.com","github.blog","1","true_positive","manual_backfill_2026-06-22_6_22_2_unique_candidates","1","user_confirmed_positive_from_2026-06-22_6_22_2_unique; risk=low; score=0.45; target_name=Github"
"a-linkedin.com","linkedin.com","1","true_positive","manual_backfill_2026-06-22_6_22_2_unique_candidates","1","user_confirmed_positive_from_2026-06-22_6_22_2_unique; risk=low; score=0.45; target_name=LinkedIn"
"whatsappapii.com","whatsapp.com","1","true_positive","manual_backfill_2026-06-22_6_22_2_unique_candidates","1","user_confirmed_positive_from_2026-06-22_6_22_2_unique; risk=low; score=0.45; target_name=WhatsApp"
"abbchina.net","abchina.com","1","true_positive","manual_backfill_2026-06-23_high_value_review","1","user_confirmed_positive_from_2026-06-23_high_value_review; original_risk=ignore; recall=transposition_match; target_tier=finance"
"scotiabankconfirmation.com","scotiabank.com","1","true_positive","manual_backfill_2026-06-23_high_value_review","1","user_confirmed_positive_from_2026-06-23_high_value_review; original_risk=ignore; recall=exact_match; target_tier=finance"
"reactivate-user-account.com","rtactivate.com","0","false_positive","manual_backfill_2026-06-24_unique_candidates","1","user_confirmed_false_positive_from_2026-06-24_unique; risk=medium; score=0.65; target_name=Rtactivate; reason=generic_account_reactivation_not_target_impersonation"
"dy-alipay.lol","alipay.com","1","true_positive","manual_backfill_2026-06-24_high_value_review","1","user_confirmed_positive_from_2026-06-24_high_value_review; original_risk=ignore; recall=exact_match; target_tier=finance; reason=alipay_brand_with_suspicious_tld"
"delta-tiger.xyz","itiger.com","0","false_positive","manual_backfill_2026-06-25_unique_candidates","1","user_confirmed_false_positive_from_2026-06-25_unique; risk=medium; score=0.65; target_name=老虎证券; reason=tiger_generic_word_not_itiger_impersonation"
"foxtrot-tiger.xyz","itiger.com","0","false_positive","manual_backfill_2026-06-25_unique_candidates","1","user_confirmed_false_positive_from_2026-06-25_unique; risk=medium; score=0.65; target_name=老虎证券; reason=tiger_generic_word_not_itiger_impersonation"
"bravo-tiger.xyz","itiger.com","0","false_positive","manual_backfill_2026-06-25_unique_candidates","1","user_confirmed_false_positive_from_2026-06-25_unique; risk=medium; score=0.65; target_name=老虎证券; reason=tiger_generic_word_not_itiger_impersonation"
"hj-lanjing-vpn.com","nanjing.gov.cn","0","false_positive","manual_backfill_2026-06-25_unique_candidates","1","user_confirmed_false_positive_from_2026-06-25_unique; risk=high; score=0.85; target_name=南京市人民政府; reason=near_spelling_lanjing_has_independent_meaning"
"hj-baijing-vpn.com","beijing.gov.cn","0","false_positive","manual_backfill_2026-06-25_unique_candidates","1","user_confirmed_false_positive_from_2026-06-25_unique; risk=high; score=0.85; target_name=Beijing; reason=near_spelling_baijing_has_independent_meaning"
